accommodates,bedrooms,bathrooms,review_score,number_of_reviews,dist_center_km,is_superhost,minimum_nights,price
5,2,1.2,4.5,11,2.5,0,7,194.0
5,3,2.6,4.0,67,0.2,1,5,819.0
6,3,1.8,4.3,73,1.2,0,2,430.0
5,2,1.6,4.9,61,5.6,0,14,303.0
2,1,1.0,4.3,6,0.1,0,7,138.0
2,1,1.0,4.4,20,0.4,0,14,140.0
4,2,1.0,4.4,46,17.2,1,2,86.0
3,2,1.9,4.5,3,0.2,0,1,213.0
8,4,3.1,4.9,28,0.4,0,30,735.0
4,2,1.5,4.2,52,0.5,0,1,330.0
2,1,1.0,5.0,19,2.6,0,1,129.0
2,1,1.0,4.8,43,0.6,0,7,152.0
4,2,1.6,4.2,16,3.2,1,1,235.0
4,3,1.9,5.0,35,2.3,0,30,224.0
3,2,1.1,4.1,4,0.1,1,1,313.0
8,4,2.3,4.2,59,1.6,0,7,569.0
2,1,1.0,5.0,18,4.0,0,1,115.0
4,2,1.7,5.0,43,7.9,0,30,208.0
2,1,1.0,4.7,34,2.6,1,1,184.0
2,1,1.0,4.2,16,4.0,0,3,150.0
6,3,2.4,4.7,55,0.6,0,1,286.0
2,1,1.1,4.9,18,1.3,0,14,213.0
2,1,1.0,4.0,74,4.5,1,3,135.0
1,1,1.0,3.6,1,0.2,1,2,107.0
4,3,2.1,4.1,28,0.1,1,1,358.0
5,2,1.2,4.9,79,0.8,0,2,254.0
3,1,1.2,4.5,17,0.3,0,14,276.0
5,2,1.5,5.0,85,0.1,0,3,289.0
4,2,1.0,4.9,34,2.1,1,3,501.0
3,1,1.1,5.0,17,2.7,0,2,113.0
5,2,1.4,4.8,131,3.5,0,5,287.0
6,3,2.2,4.9,30,0.5,1,2,729.0
3,1,1.1,4.5,75,0.2,0,5,285.0
8,3,2.1,3.7,15,2.5,1,1,791.0
3,2,1.5,3.8,16,0.3,1,5,176.0
4,1,1.0,5.0,36,2.4,0,2,146.0
7,4,2.4,4.8,57,0.6,0,5,732.0
5,3,1.7,4.0,47,2.5,0,2,427.0
3,2,1.4,4.5,136,5.4,0,5,131.0
2,1,1.0,4.1,18,6.9,0,2,106.0
3,3,2.3,5.0,64,0.1,0,2,215.0
5,2,1.4,4.8,13,2.9,1,2,402.0
4,2,1.5,3.8,51,0.5,1,2,421.0
1,1,1.0,4.6,22,2.0,0,1,125.0
5,3,2.1,5.0,65,7.0,0,1,666.0
6,3,2.6,4.7,3,6.4,0,5,467.0
8,4,2.8,3.9,3,1.3,0,2,684.0
8,3,1.7,3.8,52,5.6,0,1,470.0
5,3,1.7,4.1,27,1.6,0,3,351.0
5,3,2.2,3.7,6,0.7,1,30,337.0
4,2,1.3,5.0,53,5.2,1,2,426.0
5,3,2.0,4.4,5,4.0,0,1,362.0
2,1,1.0,4.5,53,0.5,0,1,152.0
2,1,1.0,4.0,111,0.6,0,2,99.0
5,2,1.7,4.4,8,0.4,0,5,298.0
5,3,2.3,4.0,38,1.3,1,2,677.0
2,1,1.0,4.8,11,0.6,1,2,149.0
4,2,1.7,5.0,33,3.2,0,2,287.0
4,2,1.7,4.4,1,10.1,0,1,193.0
2,2,1.4,4.8,21,0.6,0,2,189.0
4,2,1.4,4.2,5,0.9,0,1,290.0
3,2,1.9,4.4,9,1.7,0,2,151.0
4,2,1.0,4.4,31,1.2,0,7,175.0
5,2,1.4,4.6,24,1.9,0,2,322.0
5,2,1.5,5.0,31,0.1,0,14,330.0
4,2,1.4,4.5,8,0.9,0,1,419.0
3,2,1.4,5.0,47,1.6,1,1,442.0
5,3,1.9,3.7,12,0.4,0,1,334.0
2,1,1.0,3.6,1,0.3,1,1,208.0
2,1,1.0,4.1,180,2.4,0,3,127.0
4,3,2.2,4.5,47,13.3,0,3,154.0
6,3,2.0,3.6,84,2.6,1,3,443.0
4,1,1.0,3.1,3,0.8,0,3,120.0
4,2,1.3,4.4,65,0.2,0,1,213.0
8,4,2.4,5.0,34,3.4,1,3,994.0
8,4,3.0,4.8,27,4.0,0,2,732.0
4,3,2.0,4.4,38,4.5,0,1,267.0
3,1,1.0,3.8,33,5.5,1,1,172.0
4,3,2.2,3.4,31,0.2,0,1,334.0
3,1,1.0,5.0,14,4.4,0,2,119.0
2,1,1.0,4.4,26,5.2,0,1,166.0
4,2,1.1,5.0,5,7.1,0,3,197.0
3,2,1.5,4.8,13,0.8,1,1,386.0
2,1,1.0,5.0,9,7.7,0,3,105.0
5,3,1.9,4.2,2,0.4,0,30,217.0
4,1,1.0,4.5,14,6.0,1,14,197.0
7,4,2.5,3.8,17,11.3,0,7,342.0
5,3,1.5,4.7,5,0.7,1,1,655.0
4,2,1.6,4.9,21,0.9,1,2,299.0
1,1,1.0,4.8,1,6.3,0,2,95.0
5,2,1.5,4.6,24,3.7,0,2,322.0
6,3,2.2,4.3,8,3.5,0,7,371.0
5,3,2.2,4.4,7,2.4,0,2,204.0
4,2,1.2,3.3,50,10.1,0,2,83.0
4,2,1.1,4.4,14,3.0,0,3,174.0
4,2,1.5,4.2,44,1.9,0,7,205.0
4,2,1.1,4.9,39,3.4,0,1,239.0
3,1,1.0,4.8,3,1.7,0,2,170.0
7,4,3.3,5.0,16,7.7,1,2,886.0
3,3,2.6,5.0,75,0.7,0,2,409.0
5,2,1.6,4.4,58,4.0,0,3,194.0
6,3,2.0,4.2,26,0.6,0,3,333.0
4,2,1.3,5.0,19,1.9,0,2,293.0
4,1,1.0,3.9,41,0.7,0,1,279.0
3,1,1.0,4.1,13,12.1,1,1,159.0
3,2,1.7,4.4,7,1.8,0,7,205.0
4,1,1.0,4.6,12,2.4,1,1,265.0
3,1,1.0,4.4,14,1.0,0,1,125.0
5,2,1.4,4.0,16,0.3,0,2,244.0
5,2,1.0,5.0,86,0.7,0,3,254.0
3,1,1.0,4.6,27,0.5,0,2,171.0
4,1,1.0,4.9,9,1.7,0,3,129.0
2,1,1.0,4.0,11,2.1,0,1,119.0
4,3,1.8,3.8,6,2.9,0,2,249.0
4,3,1.9,4.7,11,4.7,0,3,223.0
1,1,1.0,4.6,19,0.2,0,3,112.0
4,1,1.2,4.7,25,4.9,1,2,175.0
2,2,1.4,4.5,4,5.2,0,3,110.0
2,1,1.0,5.0,57,0.8,0,1,305.0
6,2,1.3,4.3,77,0.9,0,7,163.0
5,1,1.0,5.0,16,1.4,1,2,249.0
6,3,2.2,4.9,32,2.6,1,3,430.0
4,2,1.5,4.8,1,0.4,0,1,300.0
5,2,1.6,4.6,15,8.7,0,3,272.0
3,1,1.0,5.0,15,6.2,0,1,153.0
6,3,2.6,5.0,36,11.3,0,1,287.0
6,4,2.3,4.4,49,3.9,0,1,363.0
4,2,1.8,5.0,86,0.5,0,30,402.0
2,1,1.5,4.2,1,5.8,0,1,103.0
4,2,1.4,4.3,10,0.5,1,1,200.0
3,1,1.1,4.3,19,8.8,1,1,150.0
2,1,1.0,4.1,10,1.9,1,3,150.0
3,2,1.8,4.4,14,0.3,0,2,345.0
2,2,1.7,4.1,21,0.9,0,1,192.0
5,2,1.3,3.7,20,2.3,0,5,239.0
2,1,1.0,4.5,78,8.2,0,5,85.0
2,1,1.3,4.6,11,4.3,1,2,139.0
3,2,1.6,4.2,23,6.2,0,5,188.0
4,2,1.5,4.7,59,10.1,1,5,203.0
2,1,1.0,4.3,3,2.0,0,5,115.0
2,1,1.1,3.8,5,3.5,0,2,67.0
7,4,3.1,4.7,97,1.9,0,3,512.0
1,1,1.0,4.7,6,0.2,0,7,161.0
8,4,2.7,4.8,20,0.9,0,1,594.0
2,1,1.0,3.2,58,1.2,1,30,150.0
3,2,1.2,4.3,15,4.6,0,1,182.0
8,4,3.1,4.8,31,2.7,1,1,1173.0
5,3,1.2,4.1,7,1.4,0,2,349.0
5,2,1.7,4.8,16,0.4,0,5,312.0
6,3,2.5,4.2,21,0.2,1,2,567.0
4,2,1.4,4.2,6,0.1,0,30,297.0
5,2,1.1,5.0,55,5.2,0,2,343.0
2,1,1.0,4.2,1,7.2,1,1,161.0
3,2,1.3,4.1,78,0.3,0,30,337.0
4,2,1.0,4.7,1,1.6,1,30,316.0
5,2,1.4,4.9,7,2.9,0,30,362.0
5,3,1.7,3.8,95,6.1,0,7,143.0
4,2,1.8,3.4,6,14.9,0,7,97.0
3,2,1.6,4.3,5,0.1,1,2,237.0
3,2,1.8,5.0,31,0.5,1,2,386.0
7,3,2.5,5.0,17,0.5,0,7,451.0
1,1,1.0,4.9,84,0.7,0,3,145.0
4,2,1.0,5.0,11,6.1,1,3,278.0
4,2,1.7,4.5,91,0.4,0,1,239.0
4,2,1.3,5.0,50,0.2,0,1,246.0
6,4,2.4,4.0,3,0.1,1,5,984.0
3,1,1.0,4.2,67,3.0,0,2,196.0
4,1,1.0,4.3,10,1.7,0,1,208.0
3,2,1.8,4.0,166,10.6,0,3,152.0
5,3,2.1,5.0,45,2.5,0,1,523.0
8,5,2.9,4.2,3,12.8,0,1,293.0
2,1,1.0,5.0,9,0.2,0,30,123.0
7,3,2.4,4.8,37,6.4,0,1,580.0
2,1,1.0,4.9,16,2.9,0,1,131.0
2,1,1.0,4.8,16,0.6,0,2,203.0
1,1,1.0,4.2,12,9.5,0,2,82.0
3,1,1.3,4.3,22,0.8,1,1,235.0
3,2,1.3,5.0,37,4.0,1,2,181.0
8,4,2.6,4.4,55,2.2,1,2,972.0
7,3,2.7,4.0,21,1.4,0,1,636.0
5,3,2.3,5.0,14,4.7,0,7,483.0
2,1,1.0,4.8,67,0.9,0,30,275.0
7,4,3.2,4.0,25,5.1,0,7,698.0
2,1,1.0,4.4,27,2.5,1,2,218.0
5,2,1.1,4.5,55,2.9,0,7,352.0
4,2,1.3,3.4,21,0.4,0,3,174.0
5,3,2.4,5.0,37,3.8,0,2,217.0
4,1,1.0,5.0,7,0.5,0,30,211.0
7,3,2.0,4.7,21,0.8,0,1,289.0
4,2,1.3,4.2,47,3.2,0,3,315.0
2,1,1.0,3.9,7,2.7,0,3,103.0
5,3,2.4,4.1,1,2.8,0,1,483.0
4,2,1.5,4.7,68,5.4,1,2,262.0
2,1,1.0,5.0,6,6.8,1,7,164.0
4,1,1.0,4.3,8,0.0,1,3,191.0
2,2,1.1,5.0,24,0.3,0,3,154.0
2,1,1.0,4.9,15,4.1,0,2,127.0
4,2,1.3,4.7,34,0.4,0,14,316.0
5,2,1.2,5.0,16,1.7,1,7,311.0
3,1,1.0,5.0,1,0.3,0,5,337.0
2,1,1.0,4.6,26,1.3,1,3,126.0
2,1,1.0,4.5,30,2.2,1,2,176.0
6,2,1.6,4.5,33,0.4,1,1,435.0
5,3,2.0,4.3,42,3.9,1,1,396.0
4,2,1.2,5.0,1,1.7,0,1,325.0
5,2,1.6,5.0,16,1.3,0,1,366.0
5,2,1.2,5.0,17,0.0,1,1,402.0
2,1,1.0,4.3,31,2.0,1,7,231.0
2,2,1.4,4.4,63,5.3,1,30,168.0
3,1,1.0,4.0,15,4.6,1,2,231.0
3,2,1.5,4.1,98,2.6,1,5,205.0
5,2,1.0,5.0,13,1.4,0,3,202.0
4,2,1.2,4.9,25,13.2,0,3,149.0
3,2,1.3,4.4,12,0.1,0,1,273.0
3,1,1.0,4.1,4,4.9,0,30,171.0
2,1,1.0,4.3,4,0.7,0,2,167.0
4,2,1.6,5.0,2,5.7,0,1,160.0
4,2,1.4,4.9,4,5.1,0,1,248.0
6,3,2.1,4.3,11,3.8,0,5,298.0
7,4,2.7,4.9,36,0.6,0,2,879.0
5,3,1.9,4.1,39,0.9,0,1,266.0
4,1,1.0,4.5,29,0.7,1,30,288.0
8,4,2.6,4.6,9,0.1,0,5,774.0
3,2,1.8,4.8,34,1.3,1,1,229.0
4,1,1.0,4.5,24,1.6,1,2,415.0
2,1,1.0,4.7,6,0.9,0,5,176.0
4,2,1.6,5.0,16,9.3,0,5,212.0
5,2,1.0,4.4,49,8.9,0,3,207.0
8,4,3.1,5.0,28,0.2,0,14,811.0
2,1,1.0,3.7,4,1.2,0,14,138.0
7,3,2.1,3.9,1,1.0,0,1,569.0
5,3,2.0,3.9,25,1.3,0,1,316.0
4,2,1.5,4.3,6,3.9,0,2,243.0
2,1,1.0,4.0,12,0.3,0,1,102.0
2,1,1.0,4.1,108,0.7,0,2,137.0
4,3,1.9,4.6,23,5.3,1,1,303.0
6,2,1.3,5.0,4,7.7,1,3,341.0
4,3,2.2,4.6,71,5.5,0,2,253.0
5,3,2.3,5.0,7,2.9,0,2,232.0
2,1,1.0,5.0,48,2.8,0,1,147.0
6,2,1.1,3.3,21,0.8,0,5,193.0
2,1,1.0,3.9,1,3.3,1,3,93.0
8,3,2.5,4.1,7,1.8,0,1,581.0
6,3,1.9,4.4,10,4.7,0,2,346.0
4,2,1.6,4.3,15,0.1,0,2,210.0
8,4,2.6,5.0,36,1.9,1,3,999.0
8,4,2.6,4.5,60,5.9,0,2,383.0
4,2,1.0,4.2,68,1.3,1,5,238.0
2,1,1.0,3.7,12,3.3,0,1,120.0
1,1,1.0,4.4,33,2.0,0,1,136.0
3,1,1.0,5.0,19,7.3,1,3,184.0
8,4,2.7,4.3,12,0.9,0,7,658.0
4,3,1.6,5.0,12,5.7,0,7,158.0
4,2,1.0,4.2,7,7.5,0,3,127.0
3,2,1.3,4.8,31,0.7,0,3,236.0
4,2,1.4,4.9,6,1.2,1,7,244.0
8,4,2.4,5.0,6,4.3,0,2,558.0
8,5,3.8,4.4,30,3.8,0,2,904.0
2,1,1.0,4.9,34,8.0,1,3,126.0
2,2,1.5,4.4,161,4.6,0,5,119.0
3,1,1.0,4.7,2,1.0,0,7,197.0
4,2,1.0,4.3,64,0.9,0,2,273.0
8,4,3.0,4.5,50,0.7,0,2,957.0
7,3,2.3,4.8,11,3.7,0,1,262.0
5,2,1.0,4.3,67,6.4,0,5,244.0
4,2,1.5,4.9,104,1.3,0,1,229.0
5,3,2.4,4.4,28,0.3,0,1,505.0
8,4,2.6,3.5,39,5.3,1,2,955.0
4,2,1.4,4.7,9,1.3,0,2,283.0
2,2,1.4,4.5,50,0.4,1,5,239.0
8,4,2.7,5.0,76,0.8,0,5,746.0
2,1,1.0,3.7,4,6.7,0,1,96.0
2,1,1.0,4.5,74,4.4,1,30,106.0
5,2,1.3,4.1,23,3.8,1,1,462.0
4,2,1.8,3.6,22,4.8,0,7,187.0
4,3,2.2,5.0,72,3.7,0,1,273.0
5,2,1.1,4.2,70,0.2,0,2,229.0
4,1,1.0,4.4,6,7.3,0,2,141.0
2,3,2.4,4.8,30,17.4,0,14,75.0
5,3,1.6,4.6,12,0.2,1,2,346.0
5,2,1.5,4.6,1,0.7,1,5,621.0
2,2,1.7,4.1,1,4.3,0,7,189.0
4,2,1.2,4.7,28,1.8,0,3,299.0
2,1,1.0,3.7,16,0.4,0,1,130.0
4,2,1.0,5.0,52,5.7,1,1,233.0
2,1,1.0,5.0,34,0.7,0,1,153.0
4,2,1.5,4.4,1,0.6,1,5,330.0
5,3,2.5,5.0,6,7.1,0,3,355.0
7,4,2.8,5.0,83,3.4,0,3,568.0
5,2,1.8,4.7,12,7.9,0,30,276.0
8,5,3.8,4.5,55,1.6,0,1,1054.0
4,2,1.5,4.1,6,8.5,0,1,181.0
5,2,2.0,4.9,50,2.1,0,1,357.0
7,4,2.8,4.8,14,2.0,0,2,587.0
2,1,1.0,4.1,35,1.0,1,1,203.0
2,1,1.0,4.0,2,2.8,0,1,168.0
2,1,1.0,4.7,35,8.1,0,30,77.0
6,3,2.2,4.5,3,0.2,1,1,338.0
2,1,1.0,4.4,33,1.8,0,3,115.0
5,3,1.9,4.4,31,6.1,0,2,359.0
4,2,1.1,4.7,45,1.2,1,1,289.0
4,3,1.5,3.5,3,4.0,1,30,363.0
4,1,1.0,3.8,13,3.9,0,1,102.0
6,3,1.8,4.3,4,0.6,0,2,629.0
7,3,2.2,4.6,37,0.3,1,3,833.0
4,2,1.7,4.7,19,8.0,0,2,179.0
2,1,1.0,5.0,8,3.7,0,1,113.0
2,1,1.0,4.1,16,1.5,1,1,171.0
1,1,1.0,4.7,81,3.0,0,1,143.0
5,3,1.5,4.4,94,0.2,1,3,652.0
8,4,2.5,5.0,28,2.6,0,3,572.0
5,2,1.4,4.5,21,0.7,1,5,397.0
7,4,2.9,4.2,13,1.0,0,1,753.0
2,1,1.0,4.7,5,0.2,0,3,235.0
1,1,1.0,3.6,70,8.1,0,30,60.0
4,2,1.3,4.3,97,0.2,0,1,180.0
2,1,1.0,4.8,44,0.4,0,1,149.0
4,2,1.7,4.0,11,2.0,1,2,287.0
3,2,1.3,4.9,7,0.1,0,1,155.0
6,4,2.3,3.9,96,0.4,0,30,228.0
4,2,1.9,4.5,60,2.2,0,3,202.0
4,1,1.0,5.0,27,2.8,0,3,188.0
1,1,1.0,4.8,3,1.5,1,14,145.0
6,3,2.2,5.0,94,0.9,1,2,1156.0
6,4,2.8,3.8,16,0.3,0,2,785.0
5,2,1.9,3.7,3,6.6,1,2,215.0
3,1,1.0,3.9,4,0.6,0,3,247.0
2,1,1.0,5.0,104,3.5,0,1,104.0
4,1,1.0,4.7,18,5.6,0,7,148.0
8,5,3.6,3.8,21,7.0,0,3,414.0
6,2,1.4,4.1,25,2.5,0,1,299.0
5,2,1.2,4.5,11,3.3,1,2,253.0
2,1,1.2,4.1,10,5.1,0,2,141.0
4,2,1.0,5.0,30,6.6,0,7,178.0
1,1,1.0,4.8,5,2.1,0,3,108.0
2,1,1.3,4.1,2,12.6,1,1,94.0
5,2,1.9,4.4,16,0.2,0,14,455.0
4,2,1.7,4.3,16,1.7,1,5,379.0
5,3,1.9,4.7,68,2.5,0,14,297.0
6,3,2.2,4.6,19,2.0,0,1,529.0
3,2,1.8,4.9,34,0.0,1,2,442.0
7,3,2.0,4.3,18,2.4,0,3,503.0
4,2,1.0,4.6,15,2.4,0,2,174.0
1,1,1.0,4.3,112,0.1,0,2,94.0
2,1,1.3,4.8,20,0.1,0,3,198.0
1,1,1.0,4.3,47,0.4,0,5,113.0
4,2,1.4,5.0,3,3.9,0,5,192.0
3,1,1.0,3.9,128,2.8,0,1,132.0
2,1,1.0,4.6,70,0.0,0,3,156.0
2,1,1.0,3.6,38,2.1,1,2,157.0
5,3,2.2,3.8,2,2.0,0,30,248.0
4,3,2.5,4.5,28,0.0,0,1,277.0
4,2,1.4,3.6,5,3.9,0,2,181.0
5,2,1.6,4.1,9,3.1,0,1,178.0
5,4,2.5,4.5,48,2.7,1,2,635.0
4,2,1.2,5.0,2,1.1,0,5,142.0
6,4,2.5,4.2,35,3.3,0,2,339.0
5,3,1.9,4.6,11,2.3,0,2,503.0
2,1,1.0,4.0,27,8.4,1,1,179.0
4,2,1.4,4.9,4,1.4,0,2,258.0
1,1,1.1,5.0,6,0.5,0,30,103.0
5,3,2.3,4.0,25,2.5,0,2,289.0
4,2,1.2,4.7,27,2.3,0,5,219.0
4,2,1.0,4.9,8,2.4,1,3,293.0
5,3,2.3,4.3,16,3.2,0,5,187.0
4,3,2.2,4.9,42,5.0,1,3,427.0
6,3,2.2,4.6,2,1.0,0,1,560.0
4,2,1.0,5.0,5,0.3,0,30,267.0
2,1,1.0,4.9,45,3.1,0,2,116.0
8,4,3.3,4.1,15,2.3,1,1,1363.0
4,2,1.3,5.0,45,3.1,1,2,249.0
6,3,1.9,4.6,16,4.4,0,5,249.0
2,1,1.0,5.0,1,5.1,1,30,121.0
4,2,1.1,5.0,75,0.3,0,3,231.0
2,1,1.0,4.9,15,0.7,0,5,134.0
4,2,1.6,5.0,3,3.9,0,5,258.0
2,1,1.0,3.4,94,0.3,0,2,141.0
4,1,1.0,4.9,10,1.9,0,30,348.0
2,1,1.0,4.9,7,2.3,0,30,229.0
4,2,1.4,3.9,36,0.9,0,1,233.0
1,1,1.0,4.6,3,1.4,0,3,100.0
3,1,1.0,4.2,3,0.8,1,2,248.0
2,1,1.0,4.4,63,0.1,0,14,167.0
4,2,1.6,4.7,100,1.1,1,1,287.0
4,3,2.0,4.3,17,0.4,1,3,509.0
2,1,1.0,4.0,30,2.7,0,3,79.0
4,2,1.4,4.8,1,1.3,0,14,355.0
6,3,2.1,3.8,35,2.8,0,2,364.0
5,3,2.0,3.6,10,0.4,0,3,355.0
1,1,1.0,4.9,83,1.6,0,3,144.0
3,1,1.0,4.5,76,1.3,0,1,202.0
4,2,1.4,4.7,26,1.3,1,7,505.0
2,1,1.0,4.9,28,0.3,0,1,223.0
2,1,1.0,4.4,9,1.4,1,1,172.0
6,3,2.3,4.4,17,2.8,0,2,533.0
6,3,2.3,4.0,34,2.1,0,2,456.0
5,2,1.4,5.0,5,16.2,1,14,173.0
2,1,1.0,4.6,11,6.6,1,7,128.0
4,3,2.0,3.9,14,2.3,1,1,387.0
1,1,1.0,3.9,17,1.1,0,1,94.0
4,2,1.8,4.7,35,3.0,1,3,302.0
2,1,1.0,4.2,57,2.9,0,3,118.0
2,1,1.0,4.3,26,2.9,0,1,96.0
3,1,1.0,4.5,34,1.2,1,2,209.0
3,2,1.4,3.7,11,0.6,1,1,191.0
1,1,1.0,3.6,10,8.4,1,2,119.0
2,1,1.0,4.0,18,1.5,0,14,77.0
3,1,1.0,5.0,29,0.1,0,1,245.0
4,2,2.0,5.0,96,0.1,1,2,435.0
2,1,1.0,4.3,4,6.3,0,2,137.0
4,2,1.6,3.5,11,6.1,0,3,185.0
7,3,2.1,4.4,11,0.2,1,3,638.0
1,1,1.0,4.8,32,3.1,0,30,152.0
6,3,1.9,3.9,132,4.5,0,1,396.0
2,1,1.0,4.0,2,3.6,0,5,138.0
5,2,1.5,4.5,80,0.9,0,1,304.0
4,2,1.8,4.8,9,3.9,0,30,215.0
2,1,1.0,3.6,44,14.4,0,5,50.0
3,1,1.0,3.9,13,0.6,1,1,224.0
2,1,1.0,4.4,26,3.5,0,5,160.0
1,1,1.0,4.2,9,0.7,0,7,142.0
4,2,1.4,5.0,27,3.6,0,1,184.0
8,3,2.1,4.2,5,0.8,0,2,654.0
2,1,1.0,4.2,18,4.1,0,3,199.0
6,3,2.5,3.3,65,2.7,0,2,210.0
8,4,2.7,3.8,53,0.3,0,2,870.0
2,1,1.0,4.2,32,3.1,1,7,109.0
4,2,1.6,4.3,1,1.5,0,1,260.0
2,2,1.8,4.5,39,4.5,0,1,149.0
5,3,1.9,5.0,60,2.8,0,1,266.0
2,1,1.0,4.2,9,0.7,0,2,172.0
4,3,2.5,4.1,18,3.3,1,30,315.0
2,1,1.0,5.0,21,5.8,1,7,165.0
4,2,1.5,4.0,1,1.3,0,2,210.0
2,1,1.0,5.0,8,0.3,1,2,176.0
5,2,2.0,5.0,21,8.0,1,3,240.0
3,1,1.0,4.7,14,3.7,0,1,147.0
3,2,1.8,4.2,82,4.5,0,2,163.0
3,2,1.3,3.6,92,3.2,0,30,135.0
4,3,1.9,5.0,65,2.5,0,2,244.0
6,3,1.9,4.3,33,3.2,0,7,427.0
4,2,1.6,3.8,4,0.3,1,2,212.0
8,5,3.7,3.9,29,0.6,0,2,597.0
4,3,2.2,4.5,1,0.9,1,2,417.0
6,3,2.6,5.0,45,2.8,0,7,346.0
3,2,1.0,5.0,15,3.6,0,30,299.0
2,1,1.0,4.0,15,1.0,0,1,158.0
5,3,2.3,4.3,26,1.7,0,3,479.0
3,1,1.0,4.5,98,2.3,0,7,181.0
2,2,1.7,3.1,10,0.8,0,2,99.0
1,1,1.0,5.0,114,0.8,0,5,189.0
8,4,2.8,4.0,40,6.6,0,2,410.0
3,2,1.1,4.8,25,3.0,0,7,182.0
5,3,1.4,3.9,8,0.8,1,5,483.0
4,1,1.0,5.0,7,7.4,0,5,156.0
4,3,2.8,4.8,3,2.8,1,7,309.0
8,4,3.0,4.2,39,4.5,0,1,491.0
2,1,1.0,4.3,12,3.6,0,1,116.0
4,3,2.0,3.2,7,0.3,1,2,267.0
6,3,2.1,4.8,12,1.8,0,2,342.0
2,1,1.0,4.7,46,6.2,1,2,223.0
3,1,1.0,4.4,27,0.5,0,1,102.0
4,1,1.0,4.4,5,7.1,0,2,149.0
2,1,1.0,4.4,7,9.0,1,1,125.0
6,3,1.9,4.1,26,1.8,0,2,443.0
6,3,1.9,4.6,53,2.3,0,30,549.0
7,3,2.4,4.5,89,0.7,0,2,496.0
3,2,1.2,4.2,55,0.1,1,1,218.0
5,2,1.6,4.8,9,1.8,0,30,258.0
8,3,2.4,4.1,17,1.2,0,2,523.0
5,3,2.6,3.6,3,5.6,1,2,346.0
6,2,1.1,4.7,37,0.9,0,7,567.0
2,1,1.0,4.8,58,2.0,0,2,99.0
2,1,1.0,5.0,35,6.8,0,5,103.0
5,3,2.2,4.9,5,1.2,0,14,351.0
5,3,1.8,4.2,15,2.3,1,1,450.0
2,1,1.1,4.9,13,1.3,1,2,200.0
5,2,1.4,5.0,26,6.7,0,7,294.0
5,2,1.3,5.0,11,2.8,0,5,379.0
1,1,1.0,4.8,49,3.6,1,2,124.0
6,3,1.9,4.4,10,2.4,0,14,437.0
6,3,1.9,4.2,165,8.2,1,7,406.0
5,4,2.4,4.7,14,6.7,1,3,463.0
5,3,1.8,5.0,34,0.2,1,14,402.0
5,3,2.2,3.9,30,1.2,0,5,216.0
4,3,1.6,4.1,30,2.9,1,2,220.0
4,2,1.4,5.0,45,0.2,0,14,259.0
5,2,1.7,4.5,80,3.8,1,3,250.0
8,4,2.8,5.0,8,1.5,0,5,611.0
5,2,1.0,4.4,11,3.1,0,1,276.0
1,1,1.2,5.0,68,0.4,0,2,175.0
1,1,1.4,3.9,7,0.1,0,1,127.0
4,2,1.2,4.5,84,0.5,0,2,341.0
4,2,1.0,5.0,2,2.2,0,7,204.0
5,3,2.0,4.9,22,2.6,1,3,479.0
2,1,1.0,4.6,43,9.4,1,3,141.0
4,1,1.0,4.0,60,1.9,0,1,173.0
4,2,1.4,4.1,4,2.1,0,2,255.0
6,2,1.2,4.6,12,3.4,0,5,350.0
2,1,1.0,4.0,27,2.2,0,14,74.0
3,2,1.3,4.9,55,0.1,0,2,273.0
6,3,1.2,5.0,9,2.1,0,2,442.0
4,2,1.2,4.1,32,3.1,1,2,311.0
6,3,2.3,5.0,24,4.8,1,7,384.0
6,3,1.9,4.8,39,0.3,1,14,697.0
4,1,1.0,4.2,1,1.1,0,5,195.0
5,4,2.6,4.1,25,6.4,1,3,310.0
5,3,2.2,4.6,11,4.8,1,1,490.0
5,2,1.6,4.9,15,1.7,0,2,232.0
2,2,1.7,5.0,15,3.7,0,1,157.0
1,1,1.3,4.3,19,0.7,0,2,130.0
6,3,1.8,4.4,27,5.5,0,3,288.0
3,1,1.1,5.0,10,5.9,1,2,215.0
4,3,1.7,4.2,5,4.7,1,14,340.0
3,1,1.0,4.9,16,2.3,0,30,150.0
5,2,1.8,4.4,35,21.0,0,1,105.0
3,3,2.4,3.7,64,1.3,0,5,211.0
4,2,1.3,5.0,52,9.9,1,1,182.0
4,2,1.4,4.2,15,0.7,1,3,184.0
4,2,1.4,4.7,85,1.4,0,2,215.0
3,2,1.0,4.9,21,2.1,1,2,193.0
4,1,1.0,5.0,1,3.4,1,2,230.0
3,1,1.0,4.8,82,0.7,0,3,156.0
3,2,1.0,4.7,33,1.6,0,1,212.0
4,2,1.4,3.9,27,0.3,0,2,404.0
4,2,1.3,4.4,17,2.2,0,30,200.0
6,3,2.1,5.0,41,3.3,0,2,328.0
6,3,2.4,5.0,7,2.9,1,5,564.0
2,2,1.3,4.5,53,1.3,0,1,161.0
4,2,1.2,5.0,3,4.3,0,3,199.0
4,2,1.1,5.0,5,10.6,0,1,161.0
4,2,1.3,4.3,3,3.9,0,30,160.0
2,1,1.0,4.2,36,3.2,0,3,166.0
2,1,1.0,4.9,90,3.1,1,5,203.0
4,2,1.1,4.3,20,2.1,1,2,291.0
5,1,1.0,4.3,61,1.2,0,14,186.0
4,1,1.0,5.0,14,1.7,0,7,178.0
7,4,3.2,5.0,5,2.7,0,2,504.0
3,2,1.0,4.2,20,0.9,0,1,189.0
4,3,2.5,4.5,25,1.9,0,1,312.0
2,1,1.0,4.4,39,4.7,0,1,270.0
4,2,1.9,4.4,63,1.4,1,5,332.0
2,1,1.0,4.4,17,7.4,0,5,108.0
5,2,1.3,4.2,38,0.4,0,14,378.0
6,2,1.5,4.1,83,1.2,0,2,506.0
5,2,1.5,3.4,20,6.2,0,1,228.0
2,1,1.0,4.7,6,1.9,1,2,271.0
1,1,1.0,4.8,42,6.3,0,1,123.0
5,2,1.3,4.9,15,1.0,0,7,215.0
6,3,2.0,4.6,24,0.4,0,30,823.0
4,2,1.5,5.0,7,4.1,0,14,228.0
8,4,2.9,4.4,10,0.4,1,3,1060.0
8,3,2.2,4.6,23,1.5,0,2,486.0
7,3,2.1,4.9,42,3.7,0,5,570.0
5,2,1.6,4.7,8,5.4,0,1,231.0
2,1,1.0,5.0,37,0.2,0,2,195.0
2,1,1.0,4.5,82,10.6,0,7,85.0
1,1,1.0,4.9,53,3.8,0,2,117.0
3,1,1.0,4.3,55,13.6,0,3,51.0
4,1,1.0,4.6,81,1.2,0,1,256.0
8,4,2.5,5.0,15,3.7,0,2,500.0
7,3,2.4,4.5,40,0.8,0,2,352.0
2,1,1.0,5.0,3,2.0,0,2,129.0
5,3,2.1,4.9,24,2.4,0,1,398.0
4,2,1.4,4.5,45,2.5,1,1,199.0
6,3,2.5,4.3,3,5.2,1,7,639.0
4,2,1.4,4.2,5,1.0,0,3,311.0
4,2,1.4,4.2,8,1.0,1,2,206.0
2,1,1.0,5.0,78,0.1,1,1,254.0
7,4,3.2,4.1,56,0.5,0,1,477.0
4,2,1.0,5.0,18,5.5,0,5,265.0
2,1,1.0,3.8,49,1.1,0,2,122.0
2,1,1.0,4.4,8,1.2,0,3,117.0
2,2,1.0,3.7,50,1.4,1,3,109.0
7,3,2.2,5.0,88,7.8,0,1,415.0
2,1,1.0,3.8,22,8.3,0,30,76.0
5,3,2.1,4.2,26,2.3,0,1,272.0
2,1,1.0,4.7,32,1.2,0,14,83.0
2,1,1.0,4.2,10,0.0,0,7,80.0
2,1,1.0,4.1,4,0.1,0,3,146.0
4,2,1.2,4.0,19,1.2,1,1,239.0
5,3,2.1,4.7,35,1.2,1,7,506.0
2,2,1.3,3.6,38,1.6,0,1,180.0
4,2,2.0,3.9,27,1.3,1,1,276.0
3,1,1.1,5.0,24,0.2,0,1,216.0
2,1,1.0,4.3,88,0.8,0,7,107.0
4,2,1.3,5.0,1,4.0,0,14,147.0
8,3,1.5,4.6,1,0.2,0,1,508.0
6,3,1.8,4.0,30,11.8,0,1,284.0
4,2,1.1,4.1,12,1.4,1,1,348.0
7,4,2.5,4.4,7,0.7,0,5,435.0
3,2,1.4,5.0,7,0.7,1,2,210.0
4,2,1.6,5.0,1,6.1,0,2,309.0
6,4,2.7,4.2,17,1.3,1,1,519.0
4,2,1.0,3.4,31,4.4,1,1,213.0
4,3,2.3,4.7,18,0.3,0,2,409.0
4,1,1.0,4.2,4,0.6,0,7,173.0
4,2,1.8,4.9,90,2.1,0,1,266.0
4,2,1.2,5.0,42,0.8,0,2,279.0
4,2,1.4,4.5,52,10.5,1,7,155.0
4,2,2.0,4.2,12,7.2,1,1,162.0
5,3,2.3,4.9,17,9.3,1,2,316.0
3,2,2.1,4.4,3,2.0,0,30,201.0
2,1,1.0,5.0,211,1.8,0,1,126.0
5,3,1.8,4.1,16,5.3,0,1,334.0
6,4,3.0,3.6,7,1.8,0,5,363.0
4,1,1.0,5.0,52,3.7,0,5,279.0
4,2,1.2,5.0,22,1.4,0,2,239.0
2,1,1.0,3.9,24,4.3,1,3,154.0
6,3,1.9,4.8,46,1.4,0,30,366.0
2,1,1.0,4.0,12,0.6,0,2,118.0
2,1,1.0,4.0,6,0.9,0,14,149.0
3,1,1.0,4.5,45,0.3,0,3,237.0
4,2,1.2,5.0,43,3.7,0,2,181.0
2,1,1.0,4.9,9,6.3,1,3,134.0
2,1,1.0,4.8,52,1.5,0,3,136.0
3,1,1.2,5.0,41,0.6,0,30,197.0
3,2,1.3,2.9,6,0.4,0,1,175.0
4,3,1.7,3.8,8,3.4,1,1,356.0
5,2,1.4,4.1,8,5.2,1,3,488.0
7,3,2.7,4.3,106,6.8,1,14,725.0
4,2,1.0,4.4,10,8.5,0,1,132.0
4,3,2.7,4.8,34,0.6,1,3,223.0
4,2,1.6,4.5,7,2.0,0,2,262.0
1,1,1.0,4.3,3,6.6,1,2,66.0
3,1,1.0,5.0,11,2.1,0,2,246.0
4,1,1.0,5.0,2,3.3,1,14,217.0
2,1,1.2,3.5,48,4.9,0,1,154.0
4,2,1.2,4.0,10,2.6,1,7,273.0
3,2,1.8,4.2,25,1.9,0,2,191.0
8,4,3.1,4.2,22,3.2,0,7,500.0
3,2,1.1,5.0,17,2.9,1,2,221.0
6,3,2.1,5.0,22,0.1,1,2,1012.0
8,4,3.2,4.6,2,5.1,0,2,896.0
4,3,2.5,3.9,81,6.1,0,2,251.0
4,2,1.7,4.0,102,1.8,0,5,236.0
3,2,1.3,4.8,1,4.8,1,1,253.0
1,1,1.0,4.2,37,4.3,0,7,71.0
3,2,1.0,4.1,27,6.6,0,1,148.0
8,5,3.2,3.5,46,3.8,1,2,1154.0
2,1,1.0,4.9,7,1.4,0,14,122.0
4,2,1.8,4.8,5,6.0,0,5,173.0
1,1,1.0,5.0,37,0.8,0,5,128.0
2,2,1.4,4.7,58,2.5,0,7,213.0
3,2,1.7,5.0,77,1.2,1,1,291.0
4,2,1.9,4.4,14,5.1,1,1,247.0
4,1,1.0,4.4,10,2.6,1,3,279.0
3,2,1.2,4.5,45,0.9,0,3,184.0
2,1,1.0,4.8,77,2.9,1,1,183.0
2,2,1.2,5.0,133,3.1,1,7,178.0
1,1,1.0,4.7,1,0.0,1,1,119.0
5,2,1.9,4.4,20,2.2,0,2,335.0
2,1,1.0,4.7,26,6.3,0,2,102.0
6,3,2.4,4.5,14,4.6,0,2,356.0
2,1,1.0,5.0,19,2.1,0,1,162.0
4,3,1.9,4.4,36,1.6,0,1,153.0
7,3,1.9,4.8,52,3.6,0,2,545.0
3,1,1.0,4.6,2,4.6,1,1,207.0
3,2,1.5,5.0,17,2.2,0,3,231.0
5,2,1.4,5.0,16,0.0,1,3,557.0
2,1,1.1,4.5,51,3.7,1,3,193.0
1,1,1.1,4.1,24,0.6,0,1,110.0
4,2,1.0,4.8,27,0.0,1,3,272.0
6,3,2.0,4.8,5,0.3,1,2,653.0
5,2,1.8,3.9,10,4.9,0,1,254.0
2,1,1.0,3.8,106,0.9,0,1,184.0
2,1,1.5,4.8,26,1.1,0,2,190.0
4,2,1.2,5.0,6,1.1,0,2,203.0
2,1,1.0,4.9,48,5.9,0,14,74.0
3,2,1.3,3.9,55,3.4,0,1,188.0
5,3,2.2,3.9,35,6.1,0,7,247.0
2,1,1.0,4.0,11,4.3,0,1,177.0
5,3,1.4,5.0,3,0.3,1,14,589.0
4,3,2.2,3.9,6,1.0,1,2,357.0
4,2,1.4,5.0,10,2.6,0,1,230.0
7,5,3.9,4.7,34,6.7,0,3,619.0
7,4,2.6,4.9,52,6.5,0,1,488.0
2,2,1.0,4.0,7,10.3,0,3,153.0
4,2,1.7,5.0,109,4.2,0,3,190.0
1,1,1.3,5.0,7,0.7,0,30,123.0
2,1,1.0,4.0,3,0.1,0,2,119.0
5,3,2.0,4.7,16,1.8,0,3,373.0
4,3,2.3,4.3,14,0.7,0,1,237.0
3,2,1.4,4.3,1,1.9,1,1,282.0
7,3,2.1,3.7,4,4.1,0,2,332.0
1,1,1.0,4.6,12,1.3,0,3,71.0
5,2,1.5,3.2,116,8.4,0,1,229.0
4,2,1.2,4.3,1,0.1,0,5,214.0
4,2,1.2,4.7,7,0.6,1,30,270.0
8,4,2.7,4.3,51,0.4,1,2,1130.0
3,2,1.7,5.0,5,7.9,0,1,273.0
3,1,1.0,3.9,3,1.2,0,5,196.0
4,1,1.0,4.4,18,6.5,0,1,232.0
3,1,1.0,4.9,25,3.8,0,1,130.0
3,1,1.0,4.0,36,11.9,1,5,136.0
3,1,1.0,5.0,141,1.5,0,5,203.0
5,2,1.9,5.0,6,9.6,0,7,98.0
2,1,1.1,4.9,11,2.0,1,2,179.0
3,1,1.0,5.0,10,1.1,1,3,317.0
5,3,2.0,4.3,12,4.2,0,3,218.0
3,2,1.5,4.8,22,5.2,0,1,222.0
2,2,1.5,4.6,4,6.2,0,1,157.0
3,2,1.5,4.5,62,3.1,0,3,125.0
6,3,2.3,4.1,70,1.3,1,1,799.0
3,2,1.5,4.6,1,3.2,1,7,350.0
2,1,1.0,3.9,23,5.8,0,1,142.0
3,2,1.1,4.8,3,1.7,0,1,217.0
2,1,1.0,5.0,44,3.9,0,3,125.0
6,3,1.6,4.0,9,0.0,1,2,467.0
5,3,2.2,4.9,21,0.9,0,5,388.0
5,2,1.0,4.2,38,2.9,1,3,282.0
5,3,1.6,4.6,29,2.5,0,7,356.0
3,1,1.1,4.6,33,2.3,0,7,185.0
6,3,1.8,4.4,38,0.6,1,2,467.0
8,4,3.1,3.7,5,0.1,0,7,471.0
2,1,1.0,4.1,24,8.1,0,1,102.0
5,2,1.0,4.3,75,9.5,0,3,241.0
4,2,1.2,4.8,12,2.2,1,1,348.0
4,3,2.4,4.1,36,0.7,0,2,293.0
3,1,1.0,5.0,86,14.3,0,2,83.0
2,1,1.0,4.7,15,0.4,1,5,193.0
4,2,1.2,4.9,70,10.3,1,3,198.0
1,1,1.0,3.9,53,2.4,0,5,62.0
8,4,3.1,5.0,38,5.9,0,7,588.0
4,3,2.2,3.8,5,1.6,0,3,185.0
2,1,1.0,4.5,16,3.8,0,1,106.0
2,1,1.0,4.7,5,0.2,0,2,214.0
3,1,1.0,4.5,11,1.2,0,3,181.0
4,2,1.6,4.1,33,0.2,1,2,230.0
4,2,1.7,4.5,28,0.0,0,5,148.0
2,1,1.0,4.9,25,2.0,1,2,207.0
2,1,1.0,3.4,10,0.7,0,3,139.0
2,1,1.0,3.8,28,4.9,0,14,117.0
3,3,2.1,3.2,20,0.9,0,2,150.0
2,1,1.1,4.9,10,1.7,0,2,152.0
4,1,1.0,5.0,4,0.1,0,30,304.0
4,1,1.0,3.9,36,4.8,1,1,183.0
1,1,1.5,4.4,5,3.4,0,2,79.0
2,1,1.0,5.0,23,1.8,1,14,192.0
3,1,1.0,4.3,16,1.4,0,1,127.0
4,2,2.0,5.0,8,2.1,0,7,299.0
6,2,1.1,4.1,10,0.4,0,3,241.0
7,4,3.0,4.1,11,1.3,0,3,489.0
5,2,1.0,5.0,125,0.4,0,2,355.0
4,2,1.4,5.0,2,0.2,0,3,310.0
2,2,1.3,4.2,2,1.0,1,1,144.0
4,2,1.5,4.7,36,1.3,0,2,449.0
3,2,1.4,4.9,2,0.7,0,1,202.0
2,1,1.2,3.8,49,1.2,0,1,163.0
4,2,1.1,4.5,13,2.4,0,2,284.0
4,2,1.1,4.3,19,0.8,0,1,154.0
1,1,1.0,3.9,14,1.1,0,1,159.0
4,2,1.6,5.0,30,3.9,1,1,236.0
5,3,1.7,4.0,2,1.9,0,1,258.0
4,2,1.6,4.3,52,0.9,0,1,158.0
6,2,1.6,4.3,76,2.3,0,1,477.0
4,2,1.1,5.0,16,10.9,1,14,274.0
4,2,1.8,5.0,3,5.3,0,1,302.0
8,4,2.2,4.4,9,2.8,0,2,723.0
5,2,1.4,3.9,61,0.8,0,3,305.0
5,2,1.5,4.4,54,0.6,0,1,291.0
6,3,1.6,4.8,48,0.7,0,1,432.0
2,1,1.0,4.4,5,0.3,0,3,90.0
5,3,2.2,3.7,21,0.9,0,3,217.0
2,2,1.0,4.0,2,0.9,1,3,212.0
3,2,1.7,4.2,64,3.6,0,5,177.0
2,1,1.0,4.1,11,0.9,1,2,80.0
4,2,1.4,4.9,4,0.7,0,1,336.0
5,2,1.9,4.7,117,15.2,1,14,205.0
3,1,1.0,3.8,11,1.4,0,3,157.0
8,4,2.7,4.6,7,0.5,1,1,1064.0
2,1,1.0,4.2,41,0.2,1,1,209.0
5,3,1.5,4.3,10,0.6,0,3,275.0
4,2,1.7,4.7,1,4.7,0,3,172.0
5,2,1.0,4.3,46,11.9,0,2,110.0
7,4,2.4,5.0,45,1.3,1,30,977.0
2,1,1.0,5.0,12,1.3,1,2,222.0
4,2,1.1,4.7,8,1.5,0,2,292.0
2,1,1.0,4.5,18,1.9,1,5,127.0
6,3,2.8,3.8,26,2.6,0,1,430.0
4,3,2.6,4.2,40,5.8,0,1,231.0
4,2,1.0,4.0,22,1.9,0,2,190.0
5,3,1.9,5.0,2,1.0,1,2,539.0
5,3,2.3,4.7,84,6.0,0,2,257.0
3,3,2.2,3.8,15,0.8,1,2,337.0
8,5,3.1,3.7,4,0.7,0,5,586.0
8,4,3.0,5.0,2,2.2,0,3,574.0
4,2,1.5,4.3,25,1.0,0,7,272.0
3,2,1.8,5.0,29,2.1,1,1,272.0
2,1,1.0,4.0,16,10.2,0,3,137.0
4,1,1.0,4.3,18,0.7,1,1,250.0
1,1,1.0,5.0,6,1.9,1,3,94.0
6,2,1.3,2.8,72,0.8,0,5,211.0
5,2,1.0,3.7,9,1.8,1,2,184.0
2,1,1.0,4.8,12,7.6,0,5,94.0
3,1,1.0,4.5,70,0.8,0,7,208.0
4,2,1.0,3.7,35,4.3,0,2,174.0
1,1,1.0,3.9,23,5.3,0,1,93.0
2,1,1.0,4.7,14,0.5,1,3,185.0
2,1,1.0,5.0,33,0.8,1,14,234.0
4,2,1.6,4.5,10,8.1,0,1,285.0
4,2,1.2,5.0,62,2.2,0,1,270.0
4,2,1.5,4.3,4,1.6,0,5,240.0
2,1,1.0,4.7,32,0.2,1,1,179.0
5,4,3.1,4.6,24,1.9,0,5,667.0
2,2,1.7,4.5,19,3.8,1,1,283.0
3,2,1.0,4.4,6,4.0,0,5,158.0
3,1,1.0,4.9,17,5.5,0,2,125.0
4,2,1.0,4.6,34,2.0,0,1,310.0
6,4,3.0,4.7,6,2.1,0,2,314.0
5,3,1.3,4.6,31,4.0,0,14,352.0
6,3,1.7,3.8,10,1.3,1,14,490.0
4,2,1.3,4.5,12,2.6,0,5,258.0
7,4,3.2,4.4,11,1.4,0,3,399.0
5,2,1.6,3.8,30,1.8,0,3,215.0
5,2,1.9,4.8,57,1.1,0,14,340.0
4,3,2.2,3.7,11,3.0,0,1,385.0
6,3,2.6,4.6,9,1.0,0,1,392.0
7,3,2.5,4.7,3,0.9,1,1,936.0
5,2,1.4,4.7,16,7.0,1,5,233.0
4,1,1.0,4.5,8,0.2,1,3,400.0
6,3,1.9,4.4,71,4.1,1,2,443.0
1,1,1.0,4.2,16,2.3,0,3,122.0
4,2,2.1,4.6,3,0.7,1,2,391.0
2,1,1.0,4.9,50,2.3,1,30,107.0
5,3,1.7,5.0,19,3.2,1,2,452.0
8,4,2.8,4.5,7,17.5,0,1,274.0
2,1,1.0,4.8,38,2.3,0,5,214.0
3,1,1.0,3.8,11,0.9,0,30,201.0
3,1,1.0,4.2,4,1.5,0,30,204.0
5,3,2.1,4.6,84,3.9,0,2,234.0
3,1,1.0,4.7,19,3.9,0,7,150.0
2,2,1.5,3.6,3,3.8,0,1,132.0
5,2,1.1,4.1,1,1.7,0,2,283.0
4,2,1.5,4.3,6,3.4,1,1,264.0
6,2,1.4,5.0,42,1.6,0,30,337.0
7,4,2.9,4.5,11,2.7,0,7,520.0
8,3,1.9,5.0,2,0.2,0,2,772.0
3,2,1.7,3.8,52,8.4,0,5,125.0
5,3,2.1,4.9,8,2.5,0,2,357.0
4,2,1.3,5.0,158,1.4,0,1,267.0
3,1,1.0,3.9,16,3.2,1,30,149.0
5,3,2.0,3.8,2,2.4,0,1,383.0
5,2,1.1,4.1,11,3.8,1,1,306.0
6,3,2.4,4.2,6,1.3,1,1,575.0
1,1,1.0,4.7,10,2.7,0,7,136.0
5,3,2.1,5.0,18,0.0,0,3,320.0
4,2,1.7,4.4,2,2.3,0,1,240.0
4,2,1.5,5.0,6,5.2,0,1,172.0
2,2,1.6,3.6,4,0.7,1,7,183.0
4,1,1.0,4.3,22,1.3,0,5,253.0
1,1,1.1,4.5,5,3.1,0,30,132.0
2,1,1.0,5.0,2,3.2,1,1,296.0
1,1,1.0,5.0,33,9.9,0,3,68.0
4,3,1.6,4.5,25,5.7,1,3,307.0
8,4,3.0,4.1,52,5.3,0,3,622.0
1,1,1.0,4.1,44,0.8,0,1,124.0
5,3,2.0,5.0,17,1.4,0,5,301.0
4,2,1.2,4.6,22,2.1,0,3,127.0
4,2,1.1,4.4,22,8.3,0,3,247.0
2,2,1.5,5.0,21,10.2,1,1,131.0
3,2,1.7,4.4,63,3.8,0,30,217.0
2,1,1.0,5.0,21,8.3,0,5,116.0
6,3,2.4,5.0,27,0.6,0,3,371.0
2,1,1.2,5.0,131,0.6,0,1,143.0
3,1,1.2,4.2,30,1.6,0,1,202.0
7,4,2.9,4.7,10,7.3,0,2,495.0
2,1,1.0,4.6,11,1.0,0,1,154.0
1,1,1.0,4.5,13,0.7,0,3,82.0
4,2,1.0,3.7,26,2.1,0,1,202.0
3,2,1.7,4.5,7,3.9,0,3,200.0
3,1,1.1,4.4,25,1.0,0,1,113.0
2,1,1.0,4.3,80,3.1,0,1,197.0
4,3,1.2,4.7,18,0.9,0,5,242.0
4,2,1.1,4.1,18,1.5,0,1,147.0
5,3,1.9,4.7,25,0.2,0,2,512.0
5,3,2.0,3.3,1,5.5,0,30,134.0
2,1,1.0,4.5,24,1.2,0,3,187.0
4,2,1.7,5.0,4,1.7,0,1,287.0
3,2,1.3,5.0,16,2.8,1,5,359.0
3,1,1.0,4.3,2,3.3,0,7,161.0
7,3,1.8,4.2,34,0.1,1,7,1455.0
3,1,1.0,4.3,5,8.0,0,2,133.0
5,3,2.5,5.0,10,1.7,1,1,265.0
5,4,2.8,4.6,27,0.4,0,2,418.0
4,2,2.0,3.8,10,0.2,0,2,300.0
6,3,1.7,4.7,6,1.3,0,14,514.0
2,1,1.0,4.8,73,3.6,0,1,131.0
4,2,1.1,3.8,25,3.7,0,1,137.0
6,4,3.2,4.3,83,0.6,0,3,466.0
1,1,1.0,4.8,25,0.2,1,3,79.0
2,1,1.0,4.9,82,0.4,0,1,198.0
3,2,1.7,5.0,19,0.5,1,3,311.0
2,1,1.0,3.9,39,2.5,0,1,131.0
5,2,1.1,4.3,10,3.6,0,7,222.0
3,1,1.0,4.5,2,2.8,0,1,148.0
5,2,2.1,4.4,35,2.4,0,14,314.0
8,4,2.6,4.2,27,2.8,1,7,624.0
4,2,1.4,4.7,80,10.2,0,2,138.0
4,3,2.4,5.0,4,16.4,0,1,114.0
3,2,1.2,4.6,41,0.1,0,1,204.0
4,2,1.2,3.6,20,11.1,1,14,185.0
6,4,2.7,4.8,32,0.6,0,3,419.0
5,2,1.3,5.0,20,8.1,0,2,214.0
2,1,1.0,4.3,10,0.2,0,1,192.0
2,2,1.2,5.0,52,7.2,0,1,91.0
3,2,1.0,5.0,109,2.6,0,3,192.0
5,3,1.6,4.8,5,0.8,0,14,338.0
6,2,1.2,4.6,13,2.3,0,3,321.0
4,2,1.3,4.5,6,2.4,0,14,253.0
6,3,2.4,4.3,5,4.9,1,2,449.0
7,4,3.0,3.9,4,1.2,1,2,1338.0
5,3,2.3,4.7,57,10.1,1,2,247.0
2,1,1.0,4.8,84,2.9,0,3,162.0
7,4,2.9,4.5,3,1.6,0,5,767.0
2,1,1.0,3.8,41,5.2,0,1,79.0
3,1,1.0,5.0,39,0.6,0,1,224.0
2,1,1.3,4.4,92,3.2,0,3,189.0
1,1,1.0,4.9,44,1.0,0,1,142.0
6,3,2.2,4.1,18,2.2,0,2,353.0
4,2,2.0,4.1,6,2.2,0,7,173.0
6,3,2.6,4.4,15,0.8,1,7,674.0
5,3,2.2,4.4,27,0.9,0,2,410.0
4,2,1.3,4.6,15,3.2,0,1,252.0
4,2,1.2,4.5,10,2.5,1,1,397.0
4,2,1.7,5.0,63,1.7,0,3,227.0
4,1,1.0,4.7,21,0.9,0,1,162.0
2,1,1.0,3.6,11,2.4,1,2,217.0
2,1,1.0,4.5,97,0.4,1,2,213.0
5,2,1.1,5.0,7,6.3,1,2,394.0
6,3,1.9,4.5,35,1.2,1,30,517.0
4,2,1.4,4.3,24,1.9,1,2,361.0
6,3,1.9,5.0,5,0.2,0,30,334.0
4,2,1.2,4.0,16,0.7,0,3,434.0
4,1,1.3,4.1,27,1.3,0,7,138.0
4,1,1.0,4.6,3,0.8,0,1,199.0
3,2,1.9,3.4,3,8.7,1,3,141.0
4,2,1.7,4.0,8,3.5,0,5,172.0
3,2,1.1,4.8,5,0.0,0,7,363.0
6,4,3.1,4.8,13,3.6,0,2,331.0
4,3,2.3,4.1,13,4.0,0,1,178.0
4,3,1.9,4.6,4,8.9,0,2,205.0
7,4,2.5,4.5,1,0.8,1,3,802.0
6,3,2.4,5.0,1,2.0,0,1,440.0
4,1,1.0,5.0,44,0.7,0,1,209.0
2,1,1.3,3.8,16,4.5,0,1,176.0
5,2,1.9,4.7,48,18.1,0,1,106.0
4,2,1.4,3.7,40,0.8,0,3,170.0
1,1,1.0,5.0,6,0.4,1,2,150.0
2,2,1.3,4.4,15,1.6,0,7,169.0
4,1,1.0,5.0,62,0.0,0,3,349.0
2,2,1.6,4.2,31,3.1,0,3,131.0
6,3,2.0,4.7,53,0.1,0,2,468.0
1,1,1.0,4.2,35,2.0,0,1,138.0
1,1,1.0,4.2,14,7.5,0,2,109.0
8,4,2.6,4.3,3,0.1,0,1,749.0
6,3,2.3,4.4,17,1.9,0,5,523.0
4,2,1.6,4.1,23,0.8,1,7,359.0
6,2,1.5,4.6,25,0.7,0,1,372.0
4,3,2.2,4.8,5,1.0,0,1,299.0
8,4,2.8,3.9,65,2.4,0,3,929.0
4,2,1.3,3.8,3,2.8,0,30,125.0
8,4,2.9,4.2,39,0.7,0,2,638.0
4,2,1.1,4.9,27,3.7,1,1,188.0
2,1,1.0,4.3,1,5.3,0,2,138.0
5,2,1.4,4.1,6,0.1,0,14,288.0
8,4,3.0,3.4,80,1.8,0,1,818.0
7,4,2.5,3.9,16,1.5,0,2,631.0
2,1,1.0,4.7,9,6.6,0,2,88.0
2,1,1.0,5.0,14,0.4,0,2,124.0
1,1,1.0,4.4,34,3.0,0,1,175.0
3,1,1.0,5.0,18,0.1,0,2,125.0
7,3,1.8,5.0,30,1.1,0,7,388.0
4,2,1.4,4.6,92,4.2,1,1,248.0
4,2,1.7,4.6,11,1.8,0,1,232.0
5,3,1.8,4.0,6,6.9,1,1,317.0
4,2,1.8,4.6,4,5.8,1,2,224.0
7,4,2.5,3.7,22,1.6,0,2,438.0
4,2,1.6,4.7,14,8.0,0,5,162.0
2,1,1.0,4.1,105,0.4,0,7,112.0
5,3,2.7,5.0,44,2.0,0,7,639.0
2,1,1.0,4.6,25,6.4,1,5,181.0
4,2,1.3,5.0,38,3.9,0,1,194.0
3,2,1.3,4.3,12,0.7,0,3,210.0
5,3,2.3,4.4,33,3.3,0,1,398.0
4,2,1.6,4.9,47,0.5,1,1,210.0
6,4,3.0,4.9,43,4.8,1,1,551.0
3,1,1.4,4.6,1,7.2,1,2,154.0
5,2,2.0,4.4,5,2.7,1,2,377.0
4,1,1.0,4.2,18,0.3,0,2,286.0
4,2,1.3,4.7,7,4.7,1,2,294.0
2,2,1.6,4.6,60,2.5,1,2,236.0
2,2,1.2,4.6,52,9.6,1,2,142.0
4,2,1.3,4.2,23,0.2,0,3,325.0
5,3,2.5,4.9,31,2.8,0,2,574.0
2,1,1.0,4.8,80,0.7,0,3,219.0
3,1,1.0,4.9,21,0.2,0,1,175.0
4,1,1.0,4.8,4,0.9,1,1,284.0
7,3,2.1,4.4,24,1.8,0,3,732.0
6,2,1.5,3.9,5,1.4,1,2,489.0
2,1,1.0,4.5,29,0.5,0,14,195.0
2,2,1.6,4.0,19,5.9,0,1,156.0
4,2,1.9,3.9,16,2.8,1,5,271.0
2,2,1.6,4.8,28,0.9,0,5,223.0
4,1,1.0,5.0,8,0.5,1,2,338.0
5,2,1.7,4.6,56,0.7,1,5,543.0
2,1,1.0,4.6,15,1.0,0,7,163.0
4,2,1.6,3.6,14,1.3,0,3,339.0
4,2,1.5,4.1,7,0.4,1,1,185.0
8,4,3.0,4.5,110,0.7,0,2,772.0
3,2,1.3,4.9,39,4.9,0,2,252.0
7,3,1.9,4.1,7,2.2,0,3,495.0
2,1,1.0,4.3,4,2.0,0,1,176.0
2,1,1.0,3.9,9,0.1,0,3,155.0
4,3,2.3,4.8,51,5.9,1,2,460.0
6,4,3.1,5.0,30,6.0,0,1,467.0
4,2,1.0,3.9,50,2.5,0,2,219.0
4,2,1.3,5.0,2,3.5,0,3,147.0
8,4,2.8,4.4,20,4.2,0,7,567.0
6,3,1.8,4.7,14,1.6,1,3,709.0
8,5,3.3,5.0,127,5.9,0,1,978.0
4,2,1.3,5.0,5,1.7,0,3,245.0
4,2,1.6,3.6,33,2.9,0,2,186.0
8,4,2.4,4.4,58,5.0,0,2,436.0
5,3,1.6,4.7,8,2.2,0,30,329.0
5,3,2.2,4.6,28,17.1,0,1,219.0
2,1,1.0,5.0,2,2.8,0,1,127.0
2,1,1.0,4.5,22,2.4,0,3,132.0
7,3,2.3,4.2,2,3.7,0,3,424.0
3,2,1.2,3.6,7,0.6,0,1,195.0
3,2,1.0,3.7,22,1.3,0,3,199.0
4,1,1.0,4.6,131,8.1,0,1,197.0
7,4,2.8,4.2,46,1.6,1,1,759.0
7,4,3.1,4.2,42,1.8,1,2,986.0
2,1,1.0,3.9,44,7.4,0,7,142.0
3,1,1.0,4.6,9,3.2,0,1,174.0
6,2,1.4,4.0,11,4.6,0,2,283.0
3,2,2.0,4.6,22,0.0,1,2,308.0
2,1,1.0,4.8,90,0.8,0,3,155.0
5,2,1.8,3.8,22,7.0,0,1,240.0
4,2,1.7,3.7,3,1.5,0,1,326.0
3,1,1.0,4.9,43,3.1,0,1,152.0
6,3,2.1,3.5,47,0.3,0,3,229.0
2,1,1.0,3.7,76,3.1,0,1,123.0
5,2,1.2,4.4,16,0.6,0,2,280.0
4,2,1.2,4.1,30,2.2,0,14,293.0
2,2,1.7,5.0,9,2.7,0,7,196.0
4,3,1.8,5.0,15,6.3,0,14,271.0
4,3,1.7,4.3,52,7.3,0,1,201.0
2,1,1.1,4.7,26,7.0,0,1,114.0
2,1,1.0,4.5,2,4.8,0,3,94.0
2,1,1.0,4.6,48,0.5,1,1,260.0
2,1,1.0,4.9,35,0.9,0,2,170.0
4,2,1.8,5.0,33,2.2,0,2,216.0
4,3,2.0,4.6,5,0.3,0,3,323.0
6,3,2.0,5.0,16,0.2,1,2,905.0
7,4,3.1,4.9,34,0.2,0,1,638.0
4,2,2.0,4.3,56,0.3,0,2,331.0
2,1,1.0,5.0,41,0.1,0,30,236.0
2,2,1.4,3.9,15,10.2,1,1,122.0
5,3,2.4,4.4,35,5.5,0,5,296.0
4,2,1.2,3.7,66,1.6,0,1,159.0
4,2,1.7,4.6,65,0.5,0,1,235.0
4,2,1.3,4.4,29,3.1,0,2,149.0
4,2,1.2,4.6,37,2.8,0,14,156.0
1,1,1.0,4.5,10,0.0,0,2,147.0
4,1,1.0,4.9,16,2.1,0,7,216.0
3,2,1.3,4.3,53,3.4,0,3,120.0
5,2,1.1,5.0,27,6.6,0,1,193.0
3,1,1.1,4.8,17,0.0,0,7,178.0
6,3,2.6,4.3,53,1.3,0,5,453.0
6,4,2.3,5.0,30,3.2,0,2,830.0
4,2,1.1,5.0,1,2.8,1,2,368.0
6,3,1.9,4.2,5,5.7,0,14,277.0
3,2,1.0,4.6,37,1.6,1,1,200.0
5,2,1.0,4.6,2,2.2,1,3,305.0
3,2,1.9,4.9,98,2.8,0,2,241.0
6,3,2.2,4.4,12,8.9,1,3,346.0
3,1,1.0,4.1,30,2.9,1,3,222.0
2,1,1.0,3.8,26,2.2,0,2,135.0
2,1,1.0,5.0,64,5.6,1,7,143.0
3,1,1.0,5.0,65,3.5,0,1,155.0
7,4,3.3,4.2,100,0.8,0,3,597.0
3,3,1.8,4.7,16,3.1,1,1,343.0
4,2,1.5,4.5,32,1.9,0,5,361.0
5,2,1.0,4.3,43,3.0,0,14,328.0
3,2,1.5,5.0,14,1.5,1,30,390.0
2,1,1.0,4.3,13,0.1,0,3,199.0
4,2,1.1,4.2,11,5.0,0,1,172.0
6,3,1.8,4.9,92,3.1,0,5,500.0
5,3,1.6,4.3,10,1.4,0,2,403.0
5,2,1.3,4.2,39,1.4,0,30,236.0
5,3,2.1,4.1,73,0.8,0,2,356.0
4,2,1.3,4.8,38,1.2,0,14,143.0
3,1,1.0,4.4,21,3.7,1,5,147.0
3,1,1.0,4.8,40,1.7,0,5,224.0
4,1,1.0,5.0,13,0.6,0,2,272.0
7,3,2.2,4.2,25,1.2,0,5,331.0
3,2,1.5,5.0,8,0.0,0,3,224.0
5,3,2.7,4.5,8,2.1,1,3,833.0
8,4,2.8,5.0,24,4.1,1,30,1078.0
5,2,1.0,3.7,40,3.1,0,3,220.0
5,2,1.4,4.5,12,1.3,1,1,455.0
2,1,1.0,4.3,8,0.3,1,1,209.0
1,1,1.0,5.0,17,2.0,0,3,89.0
8,5,3.7,5.0,12,0.5,1,1,1077.0
4,2,1.0,4.5,7,1.1,1,1,219.0
4,2,1.3,5.0,39,0.1,0,1,261.0
8,4,3.0,4.3,78,1.1,0,5,982.0
3,2,1.6,5.0,14,1.0,0,2,230.0
8,4,2.9,4.8,38,5.7,1,1,800.0
6,2,1.5,4.7,11,4.7,0,2,336.0
5,3,2.3,3.9,22,1.8,0,2,319.0
5,3,1.6,5.0,46,3.7,0,5,441.0
3,1,1.0,4.1,18,3.8,1,5,253.0
4,2,1.4,5.0,16,4.4,0,14,295.0
3,1,1.0,4.6,5,2.4,0,14,197.0
2,2,2.0,4.3,4,2.7,0,1,172.0
7,5,3.7,4.1,54,0.3,0,3,657.0
4,3,2.0,5.0,27,3.2,0,2,448.0
4,2,2.0,5.0,20,6.3,0,7,229.0
2,1,1.0,5.0,40,1.7,0,2,208.0
5,2,1.1,4.3,108,2.0,0,7,171.0
6,3,2.2,4.8,54,3.2,0,7,421.0
2,1,1.0,5.0,52,0.5,1,2,189.0
4,2,1.8,5.0,77,6.1,1,2,310.0
3,1,1.0,4.9,14,1.9,0,2,204.0
2,1,1.0,3.9,105,8.8,0,1,93.0
7,4,3.1,5.0,1,10.2,0,5,618.0
4,2,1.3,4.8,24,1.1,0,1,241.0
3,2,1.5,4.6,22,4.9,0,1,249.0
5,3,2.5,4.2,38,1.7,0,2,320.0
6,3,2.4,5.0,1,0.7,0,30,403.0
2,1,1.2,5.0,50,8.1,0,2,107.0
4,2,1.4,4.6,25,6.2,1,5,436.0
3,1,1.0,4.5,3,1.1,1,5,193.0
2,1,1.0,4.8,25,1.2,0,1,238.0
3,2,1.7,4.8,43,0.4,0,1,266.0
2,1,1.0,4.2,61,2.5,1,3,97.0
6,2,1.4,5.0,22,2.5,1,1,610.0
2,1,1.0,3.8,51,0.1,0,1,108.0
6,3,1.9,4.6,14,0.7,0,14,275.0
4,2,1.7,4.4,92,0.6,1,7,243.0
6,2,1.5,5.0,4,7.1,1,5,338.0
4,2,1.3,4.3,41,4.2,0,2,254.0
4,2,1.3,3.9,40,2.2,1,1,261.0
1,1,1.0,5.0,37,2.8,0,1,69.0
4,2,1.3,4.5,8,0.0,0,1,213.0
4,2,1.1,5.0,108,2.6,1,2,256.0
6,3,2.2,5.0,14,6.2,0,1,405.0
2,1,1.0,4.2,54,6.6,0,2,120.0
5,3,1.8,4.0,7,3.5,1,5,388.0
8,4,3.0,3.8,25,0.1,1,2,1342.0
3,1,1.0,4.6,42,12.3,0,7,101.0
8,4,3.2,4.5,18,0.1,1,1,973.0
7,4,3.0,4.4,3,1.8,0,3,615.0
4,2,1.3,4.7,62,8.7,1,1,238.0
6,4,2.8,4.8,72,0.3,0,1,585.0
3,1,1.0,4.7,18,1.1,0,2,310.0
4,2,1.0,3.2,17,0.3,0,7,223.0
2,1,1.0,4.9,13,2.4,0,3,133.0
6,3,2.1,4.5,26,1.6,0,2,294.0
2,1,1.0,4.0,14,1.2,1,2,131.0
2,2,2.0,4.5,11,3.2,1,2,207.0
4,3,2.1,4.4,47,3.1,0,5,200.0
4,3,2.8,5.0,26,2.6,1,14,483.0
2,2,1.0,4.5,65,0.7,0,1,158.0
5,2,1.4,4.1,5,0.0,0,3,246.0
2,1,1.0,4.9,119,4.2,1,1,221.0
2,2,1.2,3.2,18,0.8,0,5,86.0
6,3,2.0,4.4,15,0.2,1,5,716.0
2,1,1.0,4.1,18,6.2,0,1,104.0
3,1,1.0,4.4,17,1.2,0,1,268.0
2,1,1.0,4.6,27,6.4,0,2,101.0
8,4,3.0,4.2,12,2.3,1,5,802.0
8,3,2.3,3.6,39,1.0,0,3,1034.0
1,1,1.0,3.6,47,0.7,0,1,123.0
5,3,1.4,2.9,53,4.0,1,2,278.0
6,3,1.8,4.7,4,7.9,1,7,383.0
3,2,2.0,4.8,91,3.2,1,3,355.0
3,1,1.4,4.5,80,13.6,0,1,69.0
4,2,1.7,5.0,2,1.4,0,14,236.0
3,2,1.2,4.1,38,0.8,0,1,114.0
2,1,1.0,4.0,47,1.9,0,1,100.0
5,3,1.9,4.7,1,8.2,0,5,349.0
2,2,1.2,4.3,16,2.1,1,1,300.0
6,3,1.9,5.0,1,0.6,0,2,470.0
5,2,1.4,4.7,10,1.7,0,2,287.0
5,3,1.5,3.4,24,1.0,0,1,364.0
6,3,2.0,4.8,15,6.9,0,1,328.0
4,2,1.0,5.0,4,2.7,0,2,207.0
2,1,1.0,4.5,136,0.2,0,3,179.0
5,2,1.5,5.0,31,0.6,0,1,455.0
6,4,2.6,4.8,18,0.2,0,1,494.0
5,3,2.8,4.5,47,7.1,0,7,305.0
2,1,1.0,4.0,16,0.7,0,3,145.0
4,1,1.0,4.7,1,0.7,0,30,210.0
4,2,1.7,4.5,5,0.1,1,1,375.0
4,2,1.4,4.8,48,2.6,0,14,488.0
7,4,2.9,5.0,81,0.1,0,7,387.0
2,1,1.0,4.0,39,0.1,1,2,150.0
3,1,1.0,4.3,7,2.9,0,1,150.0
3,2,1.4,4.7,48,3.1,0,30,384.0
5,2,1.7,5.0,7,2.5,0,1,204.0
5,2,1.8,4.2,14,2.9,0,5,216.0
3,2,1.3,4.8,31,0.1,0,7,256.0
6,3,2.0,4.4,43,1.8,0,7,356.0
5,3,2.3,4.3,17,4.0,1,2,336.0
3,1,1.0,4.6,31,0.8,0,3,287.0
2,1,1.0,5.0,4,1.4,0,2,103.0
5,3,2.5,4.7,55,3.6,0,3,371.0
6,2,1.8,5.0,74,9.9,0,1,214.0
2,2,1.6,4.3,1,1.0,0,1,188.0
4,1,1.0,5.0,14,1.4,1,14,238.0
4,2,1.1,3.4,66,1.7,1,1,206.0
2,1,1.0,4.2,9,6.6,0,1,81.0
8,4,3.3,4.3,23,5.6,1,1,709.0
4,2,1.1,4.5,54,0.2,0,5,192.0
5,3,2.3,4.7,36,2.8,0,3,275.0
4,2,1.6,5.0,7,0.3,0,5,216.0
2,1,1.0,4.7,11,0.6,1,3,120.0
4,2,1.6,4.9,91,6.7,1,1,234.0
4,3,2.1,4.2,10,2.7,0,1,242.0
6,3,2.3,4.2,36,0.1,0,7,354.0
4,2,1.6,3.8,33,1.0,0,1,254.0
3,1,1.0,4.8,25,8.1,0,1,161.0
2,2,1.5,4.9,24,8.7,0,30,129.0
4,2,1.4,4.8,45,5.2,1,7,246.0
8,4,2.7,4.2,15,9.8,0,1,302.0
5,2,1.5,4.3,53,3.5,0,5,192.0
3,1,1.0,4.3,4,4.7,0,30,147.0
5,2,1.3,4.6,30,1.2,1,30,386.0
3,1,1.0,4.5,6,2.2,0,3,122.0
2,2,1.4,5.0,1,0.7,0,3,234.0
4,2,1.7,4.8,7,5.2,0,2,401.0
5,3,2.1,4.0,29,0.9,0,14,415.0
6,4,2.9,5.0,18,0.3,0,3,445.0
2,1,1.0,4.6,27,0.2,0,5,161.0
1,1,1.0,4.3,46,0.4,0,7,96.0
4,3,2.4,4.7,15,3.2,1,7,437.0
7,4,3.0,3.9,13,0.1,0,1,386.0
7,4,2.7,5.0,14,0.2,0,7,470.0
5,3,2.5,4.2,27,1.8,1,3,399.0
2,1,1.0,4.7,7,5.4,1,1,131.0
3,2,1.2,5.0,9,1.5,0,1,194.0
3,1,1.2,4.4,17,7.8,0,3,170.0
2,1,1.0,5.0,42,7.0,0,7,101.0
2,1,1.0,4.5,76,1.8,1,5,168.0
1,1,1.2,4.0,35,2.0,0,3,75.0
8,4,2.8,5.0,17,9.4,1,2,631.0
3,2,1.3,4.4,42,2.2,0,1,259.0
6,3,1.6,4.6,1,1.9,0,3,401.0
5,3,1.7,3.7,30,0.1,0,1,356.0
1,1,1.0,4.0,1,10.1,0,2,60.0
2,1,1.0,4.5,17,2.4,0,2,122.0
8,4,2.5,3.6,2,0.5,0,1,552.0
2,1,1.0,5.0,34,0.2,1,30,185.0
4,2,1.6,4.2,9,0.1,1,5,303.0
2,1,1.0,5.0,111,0.5,0,1,123.0
2,2,1.1,3.8,43,6.8,0,7,117.0
5,2,1.2,4.0,27,0.0,0,1,289.0
8,5,3.5,4.8,10,0.3,0,5,1094.0
7,3,1.9,5.0,4,3.5,0,7,513.0
5,3,2.0,4.9,4,1.7,1,2,454.0
2,1,1.0,4.9,16,5.3,1,1,135.0
2,1,1.0,4.0,25,0.8,0,1,130.0
2,1,1.0,4.5,1,3.7,0,30,137.0
6,3,1.9,4.2,46,1.7,0,14,379.0
6,2,1.5,4.3,66,1.2,0,5,351.0
8,4,2.5,4.7,36,4.5,0,1,548.0
2,2,1.0,4.9,36,8.8,1,5,102.0
3,1,1.2,4.7,10,4.6,0,5,148.0
3,2,1.0,4.5,204,3.5,1,1,157.0
2,2,1.4,4.6,1,0.0,0,2,164.0
3,2,1.2,3.8,24,5.6,1,3,165.0
6,4,2.0,4.7,69,0.7,0,1,297.0
1,1,1.0,3.5,11,0.4,0,7,90.0
4,2,1.7,4.1,3,4.3,0,3,234.0
2,3,2.2,4.4,1,0.9,1,30,211.0
3,2,1.9,4.4,4,1.2,0,2,184.0
4,3,2.2,4.1,4,0.3,0,1,257.0
2,1,1.0,4.2,62,15.4,1,2,60.0
5,3,1.8,4.4,29,1.3,0,3,216.0
2,1,1.0,5.0,26,3.5,0,1,119.0
3,1,1.0,5.0,77,2.5,0,1,181.0
2,1,1.0,5.0,80,3.9,0,2,151.0
2,1,1.0,5.0,37,4.0,1,14,145.0
4,2,1.4,4.5,12,2.4,0,1,252.0
5,2,1.3,4.8,49,0.9,1,14,398.0
5,2,1.0,5.0,12,4.1,0,3,302.0
4,2,1.0,4.5,5,0.2,0,1,208.0
1,1,1.0,5.0,1,1.8,1,30,94.0
3,1,1.4,4.1,44,0.2,0,5,122.0
6,3,2.5,4.2,28,3.3,1,1,651.0
4,3,1.5,4.3,50,0.6,0,2,258.0
2,1,1.0,4.9,23,5.4,0,1,124.0
1,1,1.0,5.0,36,1.3,0,5,147.0
2,1,1.0,4.3,28,0.9,0,1,140.0
2,1,1.0,4.3,28,9.2,0,1,92.0
2,1,1.0,4.7,26,0.6,0,1,210.0
3,2,1.3,4.8,4,8.1,0,2,104.0
7,3,2.7,3.8,4,0.3,0,7,811.0
2,1,1.0,4.6,13,3.2,0,1,201.0
8,4,2.7,4.9,7,3.2,0,30,398.0
3,2,1.1,4.7,14,3.8,0,3,286.0
6,2,1.6,3.3,14,2.4,0,2,243.0
4,3,1.8,3.9,55,3.2,0,7,149.0
6,3,1.1,5.0,20,5.0,0,2,331.0
4,2,1.6,4.9,31,0.3,0,2,355.0
1,1,1.4,4.2,1,2.1,1,1,217.0
5,3,1.8,4.6,35,1.2,1,3,577.0
2,1,1.0,4.1,18,1.0,0,14,139.0
4,1,1.0,4.7,93,0.1,0,3,144.0
7,4,3.4,3.5,20,1.7,0,3,418.0
2,2,1.6,4.6,8,0.9,1,2,220.0
2,1,1.0,4.9,24,1.5,0,2,87.0
6,3,2.1,4.8,21,1.5,0,1,569.0
5,2,1.1,4.4,15,0.5,0,3,229.0
3,1,1.0,4.1,15,1.9,1,1,224.0
4,2,1.4,4.3,23,0.6,1,5,222.0
2,2,1.1,5.0,12,3.6,0,5,143.0
3,1,1.0,4.2,3,2.6,1,2,270.0
3,1,1.0,4.3,15,3.0,0,3,86.0
2,1,1.0,4.7,106,0.5,1,3,280.0
3,2,1.1,4.8,20,12.8,0,7,118.0
4,2,1.5,4.0,25,2.5,0,7,273.0
7,4,2.8,4.7,41,0.7,0,3,396.0
4,2,1.6,4.8,39,0.4,0,1,339.0
3,2,1.5,3.6,49,0.1,0,2,179.0
2,1,1.2,5.0,60,1.3,0,2,136.0
1,1,1.0,4.6,12,2.4,0,1,123.0
2,2,1.5,4.2,6,0.6,0,2,139.0
6,3,2.1,4.2,5,2.8,1,5,420.0
2,1,1.0,4.3,14,6.6,0,1,99.0
5,2,1.7,5.0,81,5.9,0,1,276.0
2,2,1.4,3.9,35,0.4,1,1,233.0
8,4,2.1,3.8,5,0.5,1,3,809.0
5,3,2.2,4.1,19,1.5,1,2,603.0
4,2,1.5,4.5,47,4.1,1,14,234.0
2,1,1.0,3.7,24,3.7,0,1,78.0
4,1,1.0,5.0,1,25.6,0,2,41.0
3,1,1.1,5.0,17,0.1,0,2,188.0
2,1,1.0,4.2,74,1.6,1,3,205.0
4,2,1.7,4.9,12,3.5,0,1,298.0
2,2,1.8,3.8,17,3.8,0,1,88.0
3,2,1.0,4.8,49,2.3,0,3,219.0
3,1,1.0,4.4,22,0.8,0,7,130.0
6,3,2.5,4.4,37,0.7,0,2,385.0
3,2,1.2,4.5,8,0.4,0,5,237.0
4,2,1.2,4.9,54,3.4,1,3,167.0
7,4,2.9,4.7,19,8.8,0,2,567.0
4,2,1.4,4.4,46,0.3,0,14,229.0
4,2,1.7,3.5,5,0.7,0,7,241.0
8,4,2.5,4.7,41,3.1,1,1,1500.0
4,3,2.6,5.0,48,0.4,0,14,357.0
2,1,1.0,3.7,19,3.2,1,7,137.0
4,2,1.5,4.1,110,4.0,1,1,321.0
3,2,1.1,4.6,16,2.5,0,7,292.0
2,1,1.0,4.9,38,0.9,1,2,158.0
6,3,1.8,4.5,14,4.3,0,1,355.0
3,1,1.0,4.5,27,0.6,0,14,186.0
8,4,2.4,4.5,20,0.5,0,2,449.0
2,1,1.0,4.7,46,18.2,0,1,62.0
2,1,1.1,4.5,48,8.7,0,2,77.0
6,3,2.1,5.0,3,2.4,1,2,617.0
4,2,1.0,4.1,6,1.7,0,5,157.0
2,1,1.0,5.0,7,2.8,0,5,139.0
8,4,2.8,5.0,33,0.7,1,1,1500.0
4,1,1.0,3.8,9,3.0,0,2,138.0
2,1,1.0,3.6,32,4.4,0,5,90.0
6,3,2.1,5.0,3,1.0,1,3,678.0
4,3,2.3,5.0,36,4.3,0,2,405.0
5,3,2.5,5.0,18,5.2,1,2,470.0
2,1,1.0,4.5,27,6.4,0,7,61.0
6,3,1.9,4.6,17,5.9,0,2,329.0
2,1,1.0,5.0,21,4.0,0,14,148.0
2,2,1.1,4.4,58,1.0,0,1,106.0
3,2,1.3,5.0,19,1.2,0,1,205.0
4,2,1.6,4.3,18,1.2,0,5,142.0
5,2,1.0,4.3,27,0.0,1,1,272.0
4,2,1.0,3.9,148,3.7,1,1,425.0
4,1,1.0,4.9,48,9.4,0,3,221.0
2,1,1.0,4.6,13,1.2,0,5,91.0
6,2,1.9,4.7,7,6.6,0,2,217.0
6,4,2.8,4.3,53,4.5,0,3,501.0
2,2,1.6,4.5,23,2.6,0,1,131.0
3,2,1.8,5.0,3,4.6,0,7,183.0
5,3,2.5,3.9,37,0.2,0,1,342.0
5,3,2.4,5.0,90,0.6,0,3,513.0
4,2,1.0,3.7,19,4.0,1,1,312.0
5,4,2.7,4.5,63,2.2,0,5,555.0
5,3,2.2,4.4,34,9.6,0,1,192.0
3,2,1.3,4.3,6,6.6,0,2,117.0
6,4,3.2,4.9,57,4.0,0,30,428.0
2,1,1.0,4.6,47,3.3,0,5,97.0
4,1,1.0,5.0,47,5.5,0,3,132.0
4,1,1.0,4.1,12,5.0,1,7,269.0
8,4,2.4,5.0,29,6.2,0,1,564.0
2,1,1.0,4.0,71,9.0,0,2,130.0
8,5,3.3,4.4,10,3.7,0,1,585.0
3,1,1.1,4.2,19,1.2,0,30,98.0
5,2,1.8,5.0,5,1.8,1,5,323.0
5,3,2.3,5.0,15,9.7,0,3,192.0
8,3,1.7,4.6,26,1.0,0,1,783.0
8,4,2.5,4.7,2,2.4,0,7,499.0
6,2,1.2,4.5,28,0.4,0,2,307.0
7,4,2.3,4.9,35,0.3,0,7,491.0
3,2,1.7,4.5,14,0.1,0,14,267.0
4,2,2.1,4.9,5,0.5,1,3,330.0
8,4,2.9,4.4,11,0.6,0,1,719.0
8,4,2.5,3.9,1,2.4,0,7,802.0
5,2,1.0,4.7,28,2.2,0,7,448.0
2,1,1.0,4.4,38,0.2,1,14,151.0
5,2,1.6,4.6,9,0.8,0,5,223.0
8,3,2.1,4.3,29,2.5,0,1,454.0
7,4,2.5,3.9,26,5.5,0,2,540.0
3,1,1.0,4.3,9,1.6,0,7,162.0
7,4,2.9,4.7,73,5.9,0,1,531.0
6,2,1.5,4.3,33,0.5,0,2,377.0
3,2,1.4,4.9,18,0.8,0,1,206.0
4,3,2.2,5.0,20,1.1,0,1,302.0
4,2,1.6,5.0,1,1.3,1,30,426.0
8,4,2.4,4.5,6,3.7,1,1,1033.0
2,2,1.6,4.6,61,2.1,1,2,234.0
5,2,1.8,5.0,40,0.0,0,7,409.0
4,2,1.2,4.8,42,3.2,0,7,263.0
4,3,2.3,5.0,95,1.9,0,1,343.0
4,2,1.2,4.4,210,1.2,0,2,222.0
5,1,1.0,3.7,66,2.6,0,7,248.0
5,3,1.8,4.5,14,3.9,0,2,299.0
6,2,1.2,4.8,16,6.9,0,7,361.0
3,1,1.0,4.3,11,0.0,0,14,220.0
2,1,1.0,4.9,19,0.4,1,5,123.0
5,3,2.0,4.2,23,1.2,0,1,456.0
3,1,1.0,4.8,37,0.8,0,30,297.0
2,1,1.0,3.8,105,0.6,1,7,164.0
5,2,1.0,3.6,40,0.4,0,2,151.0
3,2,1.2,4.4,46,4.5,1,3,176.0
8,4,2.4,4.9,24,2.7,0,2,585.0
6,3,2.0,4.4,17,2.7,0,5,546.0
5,2,2.1,4.2,107,2.7,0,2,267.0
3,2,1.0,4.6,5,0.2,1,3,382.0
3,1,1.0,4.5,5,7.3,0,1,167.0
4,2,1.0,4.8,11,3.9,0,1,423.0
6,4,2.7,3.5,67,7.0,0,3,290.0
1,1,1.0,5.0,18,1.3,0,5,141.0
2,1,1.0,5.0,2,7.0,0,1,126.0
3,1,1.0,4.1,119,1.0,0,1,150.0
2,1,1.0,4.5,157,4.5,0,3,93.0
2,1,1.0,4.5,16,1.6,0,2,96.0
2,1,1.0,4.2,72,2.8,0,7,146.0
3,1,1.0,4.9,48,10.0,0,2,196.0
4,1,1.0,4.7,2,8.3,0,3,132.0
7,4,2.9,5.0,26,1.6,1,1,1178.0
6,3,2.0,4.8,97,4.2,1,2,1024.0
2,1,1.0,4.3,27,6.3,1,14,108.0
7,3,2.0,5.0,24,0.5,0,2,586.0
4,2,1.0,4.5,38,0.1,1,1,315.0
6,4,2.5,4.2,8,3.2,0,1,311.0
5,2,1.1,4.0,16,0.7,0,7,305.0
4,2,1.6,3.6,1,4.5,1,3,282.0
3,1,1.0,5.0,11,0.8,1,7,331.0
5,2,1.7,3.5,19,6.3,0,7,175.0
2,1,1.2,5.0,108,11.2,0,3,102.0
6,3,2.4,4.4,37,3.1,0,1,328.0
5,3,1.8,3.8,10,1.8,1,3,456.0
3,2,1.6,4.8,2,1.6,0,2,187.0
5,2,1.2,4.7,14,0.7,0,1,296.0
1,1,1.5,5.0,45,0.6,0,3,91.0
3,1,1.3,4.8,32,0.3,1,1,244.0
3,1,1.0,4.2,29,10.2,0,1,75.0
2,1,1.0,4.4,33,1.1,0,7,162.0
5,2,1.2,4.7,7,0.3,1,1,329.0
3,2,1.0,4.9,12,1.9,0,2,177.0
5,3,2.2,4.2,27,1.0,1,7,562.0
1,1,1.0,4.0,6,4.9,0,14,110.0
3,1,1.2,4.6,18,1.8,0,1,182.0
4,3,1.9,4.0,21,2.0,0,5,521.0
2,1,1.0,3.7,75,0.8,1,14,110.0
2,2,1.0,4.2,1,0.5,0,2,265.0
5,2,1.6,3.6,1,4.6,1,2,252.0
7,4,2.5,4.6,43,2.7,0,2,860.0
2,1,1.0,4.3,25,7.4,0,5,98.0
7,3,2.2,5.0,25,0.6,1,1,813.0
4,3,2.1,4.1,38,3.1,0,7,271.0
3,1,1.1,5.0,9,2.3,1,2,298.0
4,2,1.3,4.1,11,0.8,1,1,253.0
1,1,1.0,4.9,15,3.1,0,1,157.0
4,1,1.0,5.0,15,1.1,0,1,154.0
4,3,2.4,3.9,5,0.6,1,30,473.0
3,2,1.0,4.1,5,1.1,1,2,295.0
3,1,1.0,5.0,3,1.6,0,1,277.0
6,3,2.0,4.4,94,0.8,0,1,430.0
4,2,1.2,5.0,10,8.4,1,5,197.0
3,2,1.1,5.0,140,2.2,1,3,210.0
7,4,2.9,5.0,5,2.5,0,5,840.0
2,2,1.2,4.3,6,6.6,1,1,209.0
5,2,1.9,4.2,33,0.6,1,1,415.0
4,1,1.0,4.3,44,0.0,1,7,211.0
4,1,1.0,4.3,39,2.8,0,3,145.0
7,4,2.3,4.7,41,5.8,1,2,457.0
5,3,1.8,5.0,15,0.2,1,7,694.0
3,1,1.0,4.8,104,1.9,0,14,179.0
3,2,1.6,4.8,13,4.1,1,2,249.0
6,3,2.5,3.8,83,0.1,1,1,478.0
4,1,1.2,3.5,93,0.8,0,3,139.0
2,1,1.0,4.3,3,3.0,0,5,136.0
4,2,1.4,4.6,6,4.2,0,2,169.0
5,2,1.1,4.0,17,1.6,0,2,333.0
1,1,1.0,4.5,123,0.0,1,30,150.0
2,1,1.0,4.5,34,1.1,0,3,218.0
5,3,2.1,4.2,55,3.0,1,2,327.0
7,4,3.1,4.7,6,7.1,1,1,717.0
3,2,1.3,4.3,13,4.1,0,1,162.0
4,1,1.0,4.4,45,5.6,0,3,198.0
6,4,3.0,4.9,27,1.9,0,2,574.0
4,2,1.5,4.6,59,0.3,1,5,286.0
3,2,1.8,4.0,13,2.2,1,1,206.0
2,1,1.0,4.1,3,0.1,0,1,171.0
4,1,1.1,4.5,17,2.7,0,1,101.0
5,3,1.8,4.7,2,1.1,1,5,401.0
2,1,1.0,4.3,34,2.6,1,2,110.0
4,2,1.4,4.3,46,2.2,0,2,225.0
4,2,1.2,4.2,8,1.7,0,1,183.0
3,1,1.0,4.7,14,2.1,1,14,312.0
2,1,1.0,4.7,10,0.4,0,2,113.0
7,5,3.5,4.1,10,1.6,1,7,981.0
5,4,2.9,5.0,12,2.1,0,2,353.0
5,3,2.3,3.2,153,3.1,0,3,205.0
4,1,1.0,3.5,5,1.8,0,1,137.0
4,2,1.2,4.1,60,1.6,0,3,306.0
3,2,1.3,5.0,6,2.2,0,2,376.0
5,3,2.1,3.6,4,1.7,1,7,309.0
4,1,1.0,4.0,55,4.1,0,5,135.0
3,2,2.2,4.9,54,1.7,1,7,307.0
4,3,2.4,4.3,8,3.2,0,1,256.0
2,1,1.0,4.3,90,14.1,1,14,100.0
1,1,1.0,4.7,5,9.2,1,2,195.0
4,2,1.1,5.0,50,0.4,0,1,440.0
4,2,1.2,4.4,4,1.5,0,2,325.0
3,2,1.1,4.1,2,2.6,0,3,204.0
4,1,1.0,4.3,24,1.0,0,2,233.0
3,1,1.0,4.4,11,0.0,0,1,154.0
5,2,1.4,4.2,58,0.1,1,5,427.0
5,3,1.8,4.3,78,1.1,0,3,419.0
3,1,1.0,5.0,20,4.1,0,2,173.0
4,2,1.6,4.1,1,1.4,0,1,180.0
3,1,1.1,4.3,44,0.9,0,2,231.0
2,1,1.0,4.6,30,1.9,0,3,169.0
2,1,1.0,4.5,19,1.4,1,1,224.0
4,3,2.4,5.0,29,9.3,0,1,224.0
3,1,1.0,4.3,46,1.6,0,7,100.0
4,2,1.9,4.5,7,1.7,1,2,305.0
2,1,1.0,4.3,17,3.4,1,3,156.0
5,3,2.4,4.3,44,0.1,0,1,305.0
4,3,2.3,4.1,12,2.8,0,3,302.0
1,1,1.0,4.9,20,1.1,1,2,150.0
8,4,3.2,4.7,17,0.2,0,1,518.0
2,1,1.0,4.9,8,4.8,0,1,150.0
4,2,1.5,5.0,39,0.4,0,1,191.0
6,3,1.8,4.7,51,1.9,0,7,411.0
3,2,1.0,4.1,25,4.3,1,2,307.0
5,2,1.6,3.9,19,2.9,0,3,272.0
4,2,1.2,5.0,17,1.6,0,2,283.0
7,3,2.1,4.5,26,0.9,0,5,349.0
1,1,1.0,4.3,34,2.6,0,3,87.0
2,1,1.0,4.9,25,5.5,0,1,223.0
3,2,1.0,5.0,56,4.0,0,1,155.0
4,2,1.0,4.2,2,0.9,1,1,322.0
3,1,1.0,4.7,112,2.0,0,30,171.0
4,3,2.4,5.0,1,0.6,0,1,304.0
4,2,1.2,4.6,4,0.7,0,3,298.0
1,1,1.0,5.0,36,4.8,1,1,138.0
2,1,1.0,4.6,21,4.6,1,2,211.0
3,1,1.0,5.0,38,0.5,0,30,160.0
7,4,2.6,4.6,5,1.8,0,2,728.0
2,2,1.0,4.1,13,3.0,0,1,137.0
4,2,1.4,3.8,49,8.4,1,2,166.0
2,1,1.3,4.7,4,0.1,0,14,190.0
3,1,1.0,3.9,7,4.0,0,1,173.0
5,3,2.6,4.0,21,3.5,0,1,373.0
4,3,1.9,5.0,54,0.5,0,7,307.0
5,4,3.1,4.4,57,1.5,0,3,527.0
2,1,1.0,4.0,5,4.9,0,3,96.0
2,1,1.0,3.5,16,0.2,0,1,106.0
4,2,1.3,4.7,4,9.0,0,3,128.0
4,2,1.8,4.5,24,5.9,0,2,216.0
3,2,1.5,4.6,42,1.3,0,5,175.0
6,2,1.0,4.3,53,2.1,1,3,590.0
7,4,2.9,4.2,1,0.7,0,7,489.0
5,2,1.2,5.0,8,0.6,0,2,256.0
6,3,2.4,3.9,37,0.7,1,3,609.0
2,1,1.0,5.0,114,0.1,0,2,155.0
4,2,1.4,4.6,76,0.8,0,2,243.0
4,2,1.5,3.9,3,6.4,0,5,174.0
4,2,1.0,3.7,9,1.1,0,1,228.0
7,3,1.7,5.0,3,3.2,1,2,709.0
4,2,1.7,4.9,1,0.8,1,2,390.0
4,2,1.9,5.0,26,1.7,1,1,460.0
2,1,1.0,5.0,2,1.9,1,5,157.0
6,3,1.6,4.6,60,1.6,0,5,471.0
4,2,1.0,4.1,8,0.9,1,2,258.0
5,3,1.8,4.4,12,3.1,0,2,211.0
7,3,2.3,4.5,70,0.3,1,2,929.0
5,2,1.0,4.9,86,4.5,0,1,174.0
8,4,3.2,5.0,37,5.2,0,1,810.0
2,2,1.0,4.1,28,4.3,0,1,124.0
5,2,1.7,4.9,2,1.9,1,3,410.0
8,4,2.5,4.6,44,2.7,1,2,1312.0
7,4,3.0,4.7,21,4.0,0,5,423.0
3,2,1.0,4.7,1,0.1,0,3,198.0
6,3,1.7,3.4,2,2.1,1,1,504.0
2,2,1.0,4.7,71,5.0,0,7,107.0
4,2,1.1,4.1,49,3.2,0,1,195.0
2,1,1.0,4.5,42,0.9,0,2,144.0
5,3,2.4,4.6,11,11.5,0,1,168.0
5,3,2.0,4.9,15,3.3,0,1,328.0
5,2,1.4,4.1,23,4.6,0,3,224.0
4,1,1.0,3.8,113,2.3,0,1,301.0
7,3,2.6,4.5,22,1.6,0,2,692.0
7,3,1.8,4.5,41,1.4,0,2,554.0
6,3,2.4,3.7,41,0.8,0,30,444.0
2,1,1.0,4.9,16,4.4,1,2,115.0
8,5,3.6,5.0,13,5.7,0,3,978.0
3,1,1.0,4.5,52,11.6,0,7,87.0
2,1,1.1,4.6,17,3.6,0,2,124.0
5,2,1.3,4.9,3,2.2,1,1,606.0
2,1,1.0,4.4,9,11.0,0,5,82.0
4,2,1.3,4.6,7,0.1,0,1,316.0
4,3,2.5,4.6,44,4.0,0,2,344.0
2,1,1.1,3.6,8,0.8,0,1,102.0
2,1,1.1,4.2,28,2.2,0,7,141.0
8,4,3.1,4.9,18,2.8,1,2,1262.0
2,1,1.4,4.3,22,0.5,0,2,241.0
4,1,1.0,4.2,82,2.7,0,1,132.0
3,1,1.0,4.6,85,0.8,1,14,256.0
1,1,1.0,5.0,78,2.4,0,1,122.0
6,3,1.8,3.8,43,0.0,0,2,326.0
4,2,1.0,5.0,36,0.3,0,30,201.0
2,1,1.0,4.5,3,0.8,0,7,161.0
2,1,1.0,3.3,39,3.5,0,2,124.0
4,1,1.0,4.9,76,1.8,1,1,353.0
4,2,1.4,4.4,2,0.8,0,14,298.0
7,4,2.9,4.9,2,8.1,0,2,461.0
4,2,1.3,4.2,8,0.2,0,30,403.0
1,1,1.0,4.7,23,0.0,1,7,147.0
7,4,2.6,4.4,13,0.5,0,7,655.0
8,4,2.7,5.0,76,5.9,1,2,1059.0
4,2,1.3,4.2,38,1.6,0,1,362.0
5,3,1.8,4.8,62,3.6,1,1,304.0
6,2,1.0,4.0,56,1.0,0,1,229.0
8,4,2.8,4.2,42,0.4,0,1,456.0
3,1,1.4,4.6,46,2.9,1,2,407.0
7,4,2.8,4.6,80,7.2,0,1,406.0
5,3,1.7,4.1,44,3.4,0,14,285.0
2,1,1.0,5.0,46,1.2,0,5,192.0
4,2,1.8,4.8,26,4.6,1,3,280.0
8,3,2.3,4.6,49,8.3,0,3,413.0
1,2,1.6,4.6,80,2.0,0,1,227.0
4,2,1.1,5.0,54,4.9,0,2,267.0
4,2,1.0,4.3,3,5.4,0,2,371.0
3,2,1.3,4.0,18,2.0,1,2,275.0
6,3,2.1,5.0,53,7.9,0,5,373.0
5,2,1.5,5.0,20,1.5,0,2,220.0
6,3,1.6,5.0,4,6.7,0,7,544.0
4,2,1.7,4.3,8,2.0,0,2,185.0
3,1,1.0,4.6,34,1.3,0,1,141.0
8,3,1.7,4.6,28,0.1,0,14,554.0
2,1,1.0,4.4,16,0.1,0,7,126.0
5,2,1.4,4.4,18,0.9,1,2,633.0
2,1,1.0,4.8,19,0.2,1,2,337.0
3,1,1.0,3.7,34,5.8,1,7,202.0
7,4,2.9,4.2,6,0.7,0,1,704.0
8,4,2.8,4.5,5,4.0,0,3,910.0
4,2,1.5,4.7,36,0.5,0,2,300.0
2,1,1.0,4.1,63,5.9,0,1,96.0
5,3,2.1,5.0,44,2.6,0,1,368.0
2,1,1.0,4.3,12,0.6,1,30,116.0
4,2,1.1,4.4,9,3.1,0,7,168.0
3,1,1.0,4.3,17,0.8,0,3,157.0
1,1,1.0,4.6,27,3.2,0,7,107.0
2,1,1.0,4.3,10,1.1,0,2,130.0
2,1,1.0,3.6,31,9.3,0,5,88.0
2,1,1.0,3.8,102,2.9,0,2,216.0
8,4,2.6,3.9,68,3.0,0,1,435.0
7,3,1.9,4.5,2,13.1,0,3,216.0
5,2,1.4,4.0,18,2.3,1,7,380.0
4,1,1.0,4.4,3,0.8,0,3,176.0
5,3,1.8,4.5,16,4.6,1,5,505.0
3,2,1.0,3.9,6,3.2,1,7,246.0
3,1,1.0,4.9,130,1.8,1,3,234.0
2,1,1.0,4.7,11,1.5,0,1,147.0
4,2,1.9,3.9,28,0.6,0,1,160.0
4,1,1.0,3.6,26,4.4,0,3,220.0
8,4,2.6,4.5,29,0.6,1,1,1338.0
8,4,2.8,5.0,12,6.1,0,5,796.0
3,2,1.8,3.9,18,6.0,1,2,130.0
2,1,1.0,4.5,30,3.1,0,5,181.0
1,1,1.2,4.8,105,3.3,0,3,136.0
3,2,1.6,4.6,3,5.4,1,5,391.0
2,1,1.0,4.3,37,3.2,0,5,200.0
6,2,1.1,5.0,7,1.6,0,5,312.0
2,1,1.0,3.9,26,4.0,0,7,148.0
5,2,1.4,5.0,41,1.0,0,1,402.0
4,2,1.0,4.3,26,0.2,1,2,369.0
2,1,1.0,4.6,27,6.2,0,5,195.0
2,1,1.0,4.6,75,8.9,1,3,167.0
5,2,1.0,4.4,1,1.3,1,5,517.0
4,1,1.0,5.0,34,2.7,0,5,235.0
4,1,1.0,4.5,11,1.1,0,2,138.0
3,2,1.2,3.9,40,0.9,0,1,169.0
2,1,1.0,4.4,5,1.3,1,3,167.0
1,1,1.0,3.9,25,0.5,1,30,144.0
4,1,1.0,4.2,3,0.8,0,7,260.0
5,2,1.8,4.4,15,1.4,1,1,406.0
4,2,1.3,3.8,9,2.9,1,2,375.0
4,3,1.7,5.0,41,0.1,0,7,447.0
5,3,2.2,4.4,31,2.6,0,1,424.0
4,2,1.7,4.8,6,3.1,0,2,372.0
3,2,1.7,5.0,33,8.7,0,3,162.0
2,1,1.0,4.6,40,12.8,0,3,77.0
4,2,1.7,3.8,11,0.5,1,1,237.0
3,2,1.3,4.2,81,3.4,0,2,138.0
3,2,1.0,4.1,8,4.9,0,1,179.0
4,2,1.6,5.0,23,2.3,0,1,262.0
5,2,2.4,4.9,8,2.8,0,1,271.0
3,2,1.0,4.8,11,5.7,0,30,133.0
1,1,1.0,4.8,29,0.9,0,5,226.0
3,2,1.8,4.7,9,10.2,0,3,103.0
6,3,1.9,5.0,38,8.8,1,1,364.0
5,3,2.3,4.9,7,2.1,1,1,499.0
4,2,1.4,4.9,38,0.6,1,30,405.0
3,2,1.0,4.5,1,1.0,0,1,138.0
1,1,1.0,5.0,41,0.1,1,2,183.0
5,3,1.6,4.4,2,0.1,0,2,891.0
1,1,1.3,4.4,20,3.4,0,2,141.0
1,1,1.0,4.2,20,5.2,0,2,161.0
2,1,1.0,3.4,1,0.0,0,1,136.0
7,4,3.2,4.3,25,2.6,0,1,441.0
5,2,1.5,4.5,17,2.8,1,1,333.0
2,1,1.0,4.6,36,0.8,0,1,223.0
3,3,1.7,5.0,4,2.0,1,7,291.0
2,2,1.0,4.5,14,10.3,0,5,114.0
4,2,1.3,4.8,6,2.1,1,2,334.0
8,4,3.2,3.6,9,5.3,1,5,1320.0
4,2,1.2,4.4,19,0.1,1,2,352.0
3,1,1.0,4.5,90,5.5,0,1,203.0
1,1,1.0,3.8,6,13.5,1,14,65.0
5,3,2.3,5.0,19,2.4,1,14,475.0
7,4,3.2,4.1,1,2.0,1,5,556.0
4,2,1.0,4.7,51,1.2,0,1,171.0
2,1,1.0,4.6,32,4.0,1,1,166.0
3,1,1.0,4.5,5,1.3,1,14,200.0
5,2,1.4,4.5,17,2.2,0,2,344.0
4,1,1.0,4.8,51,2.1,1,3,279.0
7,4,2.5,5.0,19,1.1,0,5,722.0
1,1,1.0,4.1,128,4.4,1,1,184.0
4,2,1.5,4.8,102,1.9,0,30,219.0
4,3,2.4,4.8,54,4.8,0,7,305.0
3,1,1.1,4.5,19,1.3,0,5,91.0
7,4,2.8,3.9,22,2.3,0,1,779.0
8,4,2.4,3.7,33,3.4,0,1,527.0
8,5,4.0,4.8,18,5.8,0,1,482.0
5,1,1.0,5.0,7,11.5,0,3,190.0
3,1,1.0,4.9,7,1.2,1,2,191.0
2,1,1.0,4.5,54,1.1,0,2,121.0
4,3,1.8,4.4,1,0.4,0,14,216.0
5,3,1.7,5.0,44,1.2,0,1,258.0
2,1,1.1,4.3,14,2.1,0,1,90.0
5,2,1.3,4.7,34,0.9,0,3,212.0
3,1,1.0,4.9,82,0.7,0,1,235.0
5,3,1.9,4.6,44,5.0,0,1,335.0
5,2,1.6,4.2,5,4.0,0,3,380.0
5,2,1.8,3.9,56,9.5,1,3,278.0
1,1,1.0,4.8,4,0.0,0,3,141.0
4,2,1.3,5.0,86,2.8,0,5,229.0
4,2,1.4,4.1,96,12.2,1,1,163.0
6,3,2.0,3.9,52,1.0,0,7,379.0
7,4,2.5,4.9,8,0.9,0,1,542.0
2,1,1.0,4.1,39,10.5,0,2,61.0
3,1,1.0,5.0,4,0.5,1,3,328.0
2,1,1.0,4.1,13,0.8,1,2,176.0
4,2,1.5,5.0,136,7.4,0,2,159.0
8,4,2.8,3.9,10,0.5,1,5,1360.0
7,3,2.1,4.9,7,2.3,0,1,688.0
4,1,1.3,4.3,9,0.3,0,2,252.0
2,1,1.0,4.5,9,1.7,0,2,158.0
4,1,1.0,4.4,62,4.7,0,5,178.0
3,2,1.4,4.6,29,6.0,1,2,253.0
6,3,2.9,4.6,46,2.0,0,3,287.0
5,2,1.3,3.9,17,2.3,0,7,208.0
2,1,1.0,4.9,2,1.1,0,1,117.0
5,3,2.4,4.1,14,4.0,0,14,152.0
2,1,1.0,4.7,60,4.9,1,3,156.0
8,4,2.8,4.6,10,1.4,0,1,663.0
4,2,1.0,4.5,37,0.9,0,1,277.0
5,2,1.3,4.7,23,1.5,1,1,473.0
8,4,2.3,3.9,6,1.1,1,3,1020.0
5,2,1.5,5.0,67,5.6,0,3,336.0
5,1,1.4,5.0,10,7.4,1,1,360.0
2,1,1.0,4.6,1,0.0,0,2,249.0
2,1,1.0,4.5,71,1.3,0,3,200.0
5,3,2.2,4.9,21,4.1,0,2,429.0
5,2,1.4,4.0,34,5.0,1,2,364.0
3,1,1.0,4.3,24,0.2,1,5,284.0
3,1,1.0,4.8,13,10.9,0,1,111.0
1,1,1.0,4.8,1,1.0,1,1,155.0
3,2,1.2,5.0,11,4.2,0,2,220.0
4,2,2.0,5.0,27,9.4,1,3,321.0
5,3,1.6,4.3,39,2.5,0,1,248.0
3,2,1.1,4.4,38,3.3,1,1,204.0
3,2,1.5,4.9,7,0.7,0,2,489.0
8,4,2.9,4.5,35,7.6,0,1,538.0
2,2,1.3,4.8,37,9.6,0,1,131.0
2,1,1.0,4.3,10,6.0,0,2,147.0
4,2,1.2,4.3,118,1.6,1,2,437.0
3,2,1.2,4.7,5,8.3,0,1,85.0
2,1,1.0,5.0,33,5.3,0,1,135.0
4,3,2.1,4.7,9,2.4,0,2,222.0
3,2,2.0,4.7,19,0.1,0,3,286.0
2,1,1.0,3.8,145,4.6,0,1,113.0
4,3,2.2,3.5,80,2.3,0,1,209.0
4,2,1.0,4.9,57,2.7,0,2,236.0
6,3,2.0,4.7,24,1.0,0,14,582.0
4,2,1.1,4.0,5,2.2,0,7,183.0
5,3,2.5,4.0,2,7.3,0,7,211.0
2,2,1.4,4.6,14,1.6,1,1,155.0
4,2,2.3,4.6,3,5.9,0,14,204.0
2,2,1.4,4.3,27,0.5,1,1,237.0
4,1,1.0,4.7,26,0.0,0,2,175.0
5,3,2.0,4.1,28,2.4,0,2,293.0
3,2,1.2,5.0,41,2.3,0,1,199.0
6,3,2.0,4.4,14,10.1,1,2,554.0
5,3,2.5,4.3,119,4.6,0,1,399.0
1,1,1.0,5.0,37,1.9,1,1,196.0
2,1,1.2,4.8,12,0.7,1,5,146.0
2,1,1.1,4.1,11,10.3,0,14,60.0
6,2,1.4,5.0,51,3.1,0,7,377.0
6,2,1.6,5.0,1,1.0,0,2,366.0
3,1,1.0,3.1,7,5.2,0,5,131.0
2,2,1.5,4.8,1,4.6,0,1,126.0
6,3,1.7,3.6,7,3.8,0,2,384.0
4,3,2.5,4.0,41,2.7,0,30,258.0
5,3,2.4,5.0,15,0.6,1,3,929.0
8,4,2.5,4.9,59,1.7,0,1,643.0
5,3,1.9,4.3,45,6.1,1,2,321.0
4,3,2.1,4.0,6,1.0,0,1,241.0
2,1,1.2,4.3,4,10.0,0,14,107.0
4,3,1.3,3.8,4,7.6,0,5,160.0
3,2,1.9,4.9,2,1.4,0,3,132.0
2,1,1.0,3.7,35,7.6,0,14,105.0
3,1,1.0,4.4,31,3.1,0,7,185.0
8,5,3.2,3.8,13,5.1,1,2,1246.0
5,3,1.8,5.0,68,0.3,0,14,407.0
6,3,1.7,5.0,40,0.5,1,1,739.0
2,1,1.0,3.4,2,0.2,0,1,115.0
5,3,2.1,4.6,33,3.1,0,3,254.0
7,3,2.4,4.3,11,2.2,0,2,333.0
5,2,1.4,5.0,35,1.6,1,14,412.0
3,2,1.6,3.7,79,1.3,0,7,252.0
4,3,1.8,5.0,20,10.3,0,5,153.0
3,2,1.3,4.7,5,0.1,0,1,177.0
5,2,1.0,4.2,59,0.7,0,2,274.0
6,2,1.6,4.9,16,10.5,0,7,170.0
4,2,1.1,4.5,71,1.0,0,2,194.0
7,4,2.7,4.1,24,3.0,0,14,807.0
2,1,1.0,5.0,70,2.5,0,1,109.0
4,2,1.2,4.2,15,2.2,0,2,287.0
7,4,2.9,4.9,34,3.1,0,2,628.0
2,1,1.0,4.2,121,9.4,0,1,92.0
2,1,1.2,4.3,106,1.1,0,5,216.0
5,3,1.7,4.4,32,0.2,0,5,313.0
3,1,1.0,4.5,2,0.5,0,30,201.0
3,1,1.0,4.4,1,14.7,0,7,56.0
6,3,2.1,4.9,19,0.6,0,5,801.0
5,2,1.5,4.6,13,4.9,0,1,266.0
4,2,1.5,4.8,45,0.8,1,2,363.0
4,2,1.3,4.5,40,2.2,0,5,257.0
6,4,2.8,5.0,97,0.3,0,1,548.0
2,2,1.6,5.0,28,2.9,0,3,210.0
2,1,1.0,4.0,2,0.1,1,14,160.0
2,1,1.0,3.7,8,6.1,1,3,143.0
4,1,1.0,4.5,45,2.6,1,1,185.0
3,2,1.4,4.8,54,2.5,0,5,225.0
3,2,1.2,5.0,24,5.7,0,2,155.0
4,2,1.9,3.8,39,0.4,1,2,311.0
7,3,2.3,5.0,16,12.6,1,3,480.0
5,3,2.0,3.9,35,1.5,0,1,183.0
2,1,1.0,4.0,27,1.4,1,30,98.0
2,2,1.1,4.6,96,1.8,0,3,139.0
7,3,2.0,4.2,22,1.4,1,5,899.0
1,1,1.0,4.1,33,2.2,1,1,119.0
5,2,2.0,4.4,6,1.6,0,3,261.0
4,2,1.3,5.0,17,1.4,0,3,204.0
8,4,2.5,3.8,53,4.8,0,1,677.0
5,3,2.4,4.2,20,16.1,0,14,137.0
4,2,1.8,4.4,186,3.8,0,14,181.0
3,2,1.6,4.4,13,3.1,0,1,164.0
5,2,1.2,4.4,57,4.3,1,7,390.0
3,1,1.0,5.0,17,3.6,0,2,165.0
4,2,1.5,4.1,39,1.6,0,2,137.0
2,1,1.0,4.9,33,1.4,0,2,160.0
2,1,1.0,4.0,11,7.3,1,30,70.0
8,4,2.9,4.0,7,1.4,0,2,695.0
3,2,1.7,4.7,10,6.4,0,3,215.0
3,1,1.0,4.3,18,0.1,0,1,193.0
8,4,2.5,5.0,39,3.1,0,2,641.0
2,2,1.3,4.2,5,5.4,0,1,127.0
5,2,1.7,5.0,18,0.7,1,5,519.0
3,2,1.3,4.9,93,15.0,1,2,144.0
1,1,1.0,4.9,42,3.1,0,2,134.0
3,2,2.2,3.9,20,0.9,0,1,206.0
5,1,1.0,4.6,22,6.8,0,5,163.0
4,2,1.4,3.8,120,2.3,0,2,200.0
5,2,1.2,4.1,15,3.3,1,30,384.0
5,3,2.2,4.6,46,0.1,0,1,245.0
4,3,1.9,3.4,48,0.8,0,7,241.0
1,1,1.0,4.6,11,2.9,0,7,104.0
2,1,1.0,5.0,12,5.5,0,7,91.0
2,1,1.0,4.3,37,2.3,1,5,148.0
7,3,2.3,5.0,38,0.9,0,7,587.0
4,2,1.3,4.5,19,2.9,0,2,233.0
5,3,2.2,5.0,29,5.0,1,1,612.0
7,4,2.9,4.2,26,11.7,0,2,349.0
3,1,1.0,4.6,24,0.3,0,7,139.0
3,2,1.2,5.0,39,0.7,0,2,194.0
2,1,1.0,3.9,26,7.8,1,1,149.0
3,2,1.1,4.8,6,1.3,0,2,223.0
2,1,1.0,4.7,70,0.8,0,2,185.0
1,1,1.3,5.0,3,5.1,0,3,80.0
3,1,1.2,4.4,42,7.4,0,1,192.0
4,2,1.8,4.2,15,2.5,1,2,320.0
8,5,3.7,4.9,12,0.6,0,2,1409.0
3,2,1.7,4.4,8,1.6,0,2,189.0
8,4,2.6,4.4,34,11.1,1,3,699.0
6,3,1.8,4.9,28,1.0,1,7,778.0
2,1,1.0,4.7,21,2.8,0,2,159.0
4,2,1.3,5.0,9,0.5,0,1,253.0
5,2,1.7,3.8,21,6.5,1,1,278.0
3,2,1.7,4.3,75,2.3,0,2,174.0
4,2,1.2,4.1,29,0.9,0,3,175.0
5,2,1.9,4.8,22,0.1,1,14,513.0
6,3,2.5,4.1,23,2.2,0,1,348.0
5,2,1.6,4.1,5,0.9,1,7,403.0
1,1,1.1,4.9,1,3.4,0,3,111.0
5,2,1.4,4.5,38,6.6,0,30,271.0
5,3,2.0,4.9,23,6.5,0,1,261.0
7,4,3.0,4.5,23,4.3,1,3,776.0
4,2,1.2,4.9,25,7.7,1,2,298.0
4,3,2.4,4.2,1,2.0,0,3,313.0
6,2,1.3,4.7,16,7.6,0,1,296.0
7,4,3.1,5.0,10,1.6,0,2,471.0
3,2,1.9,5.0,11,9.4,0,5,143.0
4,2,1.3,3.6,20,0.5,0,2,319.0
5,2,1.5,5.0,24,1.6,1,1,356.0
6,3,2.0,4.3,19,3.2,0,1,330.0
3,2,1.7,4.9,11,2.3,1,7,327.0
3,2,1.4,4.4,4,5.1,0,2,152.0
4,2,1.5,4.3,3,5.0,0,3,276.0
8,3,1.9,4.7,1,1.6,1,30,1139.0
2,1,1.0,4.4,32,1.9,0,2,99.0
2,1,1.0,4.5,11,4.6,1,3,113.0
2,3,2.3,4.7,53,1.5,0,3,222.0
6,3,2.3,4.1,2,12.6,0,14,154.0
4,2,1.3,4.4,34,2.1,0,5,257.0
5,2,1.5,3.5,20,7.1,1,7,218.0
6,3,1.9,4.6,27,0.7,0,30,367.0
8,4,2.9,4.4,2,0.7,0,7,652.0
7,3,1.5,4.9,62,0.0,1,5,791.0
3,1,1.0,4.7,86,16.8,0,2,49.0
2,1,1.0,4.3,93,5.0,0,5,137.0
4,2,1.1,4.2,7,2.1,0,3,199.0
3,2,1.4,4.3,38,11.0,0,3,144.0
1,1,1.0,4.7,23,9.8,0,30,92.0
7,4,3.2,4.8,13,0.6,0,1,611.0
6,3,1.7,4.5,60,3.6,0,2,290.0
8,4,2.4,4.9,22,3.4,1,5,1500.0
4,3,2.0,4.1,29,0.1,1,1,267.0
5,2,1.0,4.4,30,2.7,1,5,343.0
2,1,1.0,5.0,24,0.4,1,3,230.0
2,1,1.1,4.0,43,1.5,0,7,127.0
2,2,1.5,5.0,2,1.0,0,2,209.0
2,1,1.0,5.0,9,0.5,1,30,201.0
6,3,1.9,4.6,28,4.6,0,2,465.0
8,4,2.8,4.9,20,1.1,1,5,1500.0
4,2,1.2,5.0,21,9.3,0,1,230.0
2,1,1.0,5.0,8,0.9,0,7,131.0
3,1,1.0,5.0,49,1.9,0,7,148.0
4,2,1.4,5.0,15,3.4,1,1,323.0
1,1,1.0,3.7,48,2.2,0,5,110.0
5,1,1.0,4.3,26,6.3,0,2,168.0
3,2,1.7,4.4,7,3.3,0,1,203.0
3,1,1.0,5.0,11,4.2,1,2,154.0
6,4,3.1,5.0,53,4.2,0,2,419.0
4,3,2.0,4.8,35,3.0,0,1,256.0
3,2,2.0,5.0,15,6.2,0,3,168.0
7,4,2.9,5.0,26,1.7,0,7,749.0
4,2,1.0,5.0,114,0.6,0,3,449.0
4,2,1.0,4.6,34,3.0,1,1,331.0
8,4,2.7,3.9,14,0.2,0,7,478.0
2,1,1.0,4.9,31,0.8,0,30,216.0
2,1,1.0,4.2,24,0.4,0,1,219.0
4,1,1.0,3.8,157,2.7,0,5,89.0
4,2,1.2,5.0,10,0.6,1,30,266.0
5,3,2.2,4.6,19,4.1,1,14,203.0
4,2,1.0,4.3,36,0.4,0,2,194.0
6,3,1.4,3.8,7,7.4,0,7,220.0
7,3,2.9,4.3,25,5.8,0,3,378.0
5,3,2.7,3.7,76,2.4,1,7,371.0
7,4,2.6,4.8,124,0.3,0,7,835.0
5,2,1.8,4.2,49,1.1,0,1,250.0
2,1,1.1,3.7,95,2.8,1,14,183.0
4,2,1.3,4.1,14,3.0,1,2,382.0
2,1,1.0,4.9,90,0.2,0,1,288.0
3,3,2.3,5.0,5,0.8,0,7,218.0
3,1,1.0,5.0,12,1.9,0,30,162.0
2,1,1.0,4.9,52,2.6,0,5,162.0
7,4,3.1,3.9,8,0.1,1,7,830.0
3,3,2.3,4.4,59,3.0,1,1,300.0
5,4,2.8,4.2,2,14.4,0,2,188.0
6,3,1.7,3.4,4,5.4,0,1,202.0
4,2,1.1,4.9,54,0.2,1,3,200.0
8,5,3.7,5.0,25,0.1,0,2,1003.0
3,1,1.0,3.6,31,2.2,0,2,166.0
6,3,2.1,3.7,64,1.1,0,30,407.0
4,3,2.0,4.4,5,1.9,0,3,241.0
1,1,1.0,4.6,90,1.0,0,1,108.0
5,2,1.6,5.0,4,13.7,1,1,301.0
1,1,1.0,4.7,5,0.1,0,3,110.0
4,2,1.6,4.7,38,0.1,0,1,273.0
6,3,2.3,4.5,2,11.1,0,3,249.0
7,5,4.0,4.2,12,6.7,0,1,420.0
7,4,3.2,5.0,72,8.7,0,3,591.0
2,1,1.0,5.0,13,5.1,0,14,159.0
7,3,2.2,4.4,12,3.0,0,14,496.0
6,4,3.0,5.0,51,2.4,0,5,584.0
2,1,1.0,4.2,5,0.9,0,1,174.0
4,2,1.3,4.6,5,0.6,1,14,282.0
3,2,1.6,4.8,16,3.1,0,1,203.0
3,1,1.0,4.0,45,7.5,0,2,102.0
2,1,1.0,4.7,111,2.6,0,5,139.0
4,2,1.4,4.7,17,8.0,1,5,280.0
4,2,1.4,4.4,1,5.2,0,1,184.0
7,2,1.8,3.9,26,1.4,0,2,444.0
3,1,1.0,4.2,10,0.5,0,1,206.0
5,2,1.4,5.0,34,1.4,0,7,261.0
6,4,2.6,4.1,37,1.0,1,1,671.0
2,1,1.0,5.0,27,2.5,1,3,247.0
4,3,2.6,3.8,80,0.4,0,7,401.0
5,3,2.3,4.9,4,1.2,1,1,654.0
5,3,2.2,5.0,14,20.9,0,1,134.0
4,2,1.7,3.9,186,1.4,0,1,196.0
2,1,1.0,3.9,42,3.2,0,2,159.0
4,2,1.6,4.6,29,4.5,0,2,253.0
3,1,1.0,4.4,2,2.3,1,3,287.0
7,4,2.5,5.0,39,1.9,0,1,444.0
2,1,1.0,4.2,31,1.1,1,2,166.0
8,4,2.7,4.1,4,0.3,1,1,909.0
4,2,1.6,4.4,77,1.4,0,2,270.0
3,2,1.9,4.0,20,9.2,1,2,160.0
4,1,1.0,4.2,23,0.5,0,1,132.0
6,4,3.0,3.7,2,7.3,1,3,452.0
8,4,2.9,4.2,97,3.7,0,1,585.0
4,2,1.7,4.1,26,1.7,0,2,186.0
2,1,1.0,5.0,11,1.1,0,3,214.0
4,2,1.8,4.7,90,0.7,0,3,250.0
2,1,1.0,5.0,16,0.7,0,5,121.0
2,1,1.0,4.3,34,1.3,0,30,91.0
6,2,1.7,4.6,13,1.9,1,7,470.0
2,1,1.0,4.2,8,6.5,1,14,124.0
2,2,1.6,4.2,10,2.9,0,1,172.0
6,3,2.4,4.3,7,0.8,0,1,523.0
6,2,1.3,3.2,14,6.2,1,3,318.0
5,2,1.7,5.0,13,0.1,1,3,692.0
3,1,1.2,5.0,28,0.5,0,7,235.0
3,2,1.3,4.8,28,0.3,1,14,286.0
2,1,1.2,3.6,97,1.5,0,7,87.0
4,1,1.0,4.7,26,2.9,0,1,139.0
6,2,1.6,4.5,5,3.7,1,1,770.0
5,2,1.6,5.0,51,3.2,0,5,279.0
6,2,1.6,4.7,48,0.7,0,2,334.0
2,1,1.0,4.6,19,2.4,1,2,145.0
6,3,1.6,4.3,7,6.8,1,3,574.0
2,1,1.3,4.6,4,8.0,1,1,116.0
4,2,1.8,4.4,21,3.3,0,5,246.0
5,3,1.9,4.1,6,1.9,0,3,245.0
3,2,1.6,4.2,49,3.2,0,30,215.0
5,2,1.4,4.6,6,0.7,0,5,293.0
4,3,1.9,4.4,6,0.5,1,1,323.0
4,2,1.4,4.5,11,0.1,0,2,353.0
6,3,2.0,5.0,9,0.5,0,7,758.0
2,1,1.0,4.7,76,0.4,0,3,151.0
3,2,1.6,4.8,8,0.1,0,5,167.0
2,1,1.0,4.0,1,2.6,0,1,177.0
2,2,1.6,4.2,55,1.2,0,1,246.0
2,1,1.0,4.4,15,1.0,0,3,113.0
4,1,1.4,4.8,3,1.1,1,30,330.0
2,1,1.4,5.0,30,6.5,0,2,120.0
2,1,1.2,4.6,28,1.2,0,2,113.0
5,2,1.3,4.3,53,1.5,0,3,257.0
2,1,1.0,4.3,21,4.2,0,2,126.0
2,1,1.0,4.8,16,3.8,1,5,201.0
5,2,1.3,3.8,68,0.7,0,2,203.0
4,2,1.7,3.8,21,15.3,0,7,103.0
2,2,1.3,5.0,20,4.9,0,3,98.0
3,1,1.0,5.0,28,1.8,1,1,122.0
4,2,1.2,4.5,125,0.5,0,1,249.0
2,1,1.0,4.3,26,3.4,0,1,202.0
2,1,1.0,3.9,14,2.7,1,5,227.0
2,1,1.0,3.6,19,1.5,0,1,138.0
4,2,1.0,4.8,18,2.0,0,5,239.0
4,1,1.0,4.3,48,2.6,0,7,238.0
4,2,1.5,4.0,34,1.1,0,5,311.0
4,2,1.3,3.9,4,3.2,0,1,182.0
1,1,1.0,3.7,37,8.7,0,3,78.0
3,2,1.0,4.5,20,3.2,0,2,194.0
4,3,2.4,4.0,11,3.2,0,3,220.0
2,1,1.0,4.6,11,11.7,1,5,110.0
5,2,1.4,4.3,26,8.4,1,5,350.0
7,3,2.1,4.9,8,4.7,0,1,455.0
1,1,1.0,5.0,63,0.0,0,5,119.0
4,2,1.6,5.0,8,0.7,0,2,248.0
3,2,1.5,4.4,42,1.0,0,7,182.0
5,3,1.9,4.9,9,0.7,0,3,456.0
5,3,2.4,4.8,9,0.6,0,3,295.0
2,2,1.7,4.1,74,17.5,1,2,57.0
1,1,1.0,4.3,18,0.8,0,1,134.0
6,3,2.2,4.7,43,10.4,0,3,277.0
2,1,1.0,4.5,20,4.7,0,2,90.0
2,1,1.0,3.4,11,0.0,0,2,117.0
4,3,2.1,4.7,3,0.2,0,1,438.0
6,3,2.4,4.6,1,1.9,1,1,799.0
8,5,3.6,4.5,53,4.2,0,7,637.0
4,2,1.8,5.0,57,2.7,0,2,348.0
5,2,2.2,4.1,20,2.2,1,1,443.0
7,4,2.9,5.0,57,8.4,1,2,833.0
4,2,1.3,5.0,100,2.8,1,2,204.0
3,1,1.0,4.7,45,1.0,1,14,308.0
2,1,1.0,4.1,25,3.9,0,30,96.0
2,1,1.0,5.0,6,3.3,1,1,192.0
6,3,2.1,4.6,18,1.7,0,2,529.0
7,3,2.1,4.0,11,8.0,0,2,233.0
4,2,1.5,4.8,4,1.1,0,30,190.0
7,4,3.0,4.3,43,7.0,0,1,337.0
4,3,1.8,4.4,30,0.4,0,7,162.0
6,3,1.7,4.8,109,0.0,0,2,405.0
4,2,1.5,4.2,7,5.3,1,1,270.0
3,2,1.2,3.3,161,0.1,1,1,163.0
4,3,2.2,4.0,1,3.4,1,1,332.0
4,2,1.0,4.3,44,1.9,1,3,409.0
5,3,2.4,4.4,47,9.8,0,3,169.0
4,3,1.7,4.8,30,1.9,1,5,207.0
6,3,2.9,3.7,12,8.0,0,3,288.0
3,2,1.1,4.6,10,1.1,1,1,287.0
3,1,1.2,4.5,4,2.1,0,3,200.0
5,2,1.9,4.5,65,8.3,0,14,209.0
7,3,2.3,3.7,9,8.8,0,1,319.0
3,1,1.0,5.0,7,4.1,1,7,160.0
5,3,2.0,4.4,28,1.1,1,5,443.0
1,1,1.0,4.4,26,2.9,1,3,101.0
3,1,1.0,5.0,8,1.7,0,2,151.0
5,2,1.5,3.9,5,2.2,1,2,354.0
3,2,1.4,4.2,6,0.6,0,5,294.0
7,4,2.6,3.7,39,0.8,0,3,449.0
1,1,1.0,4.6,17,3.0,1,30,149.0
4,3,2.1,4.3,20,9.9,0,7,212.0
5,1,1.0,4.2,6,1.9,1,1,342.0
2,1,1.0,4.9,66,2.4,0,1,237.0
5,3,2.3,5.0,38,1.3,0,1,328.0
5,3,2.5,4.4,34,0.6,0,2,403.0
2,1,1.0,5.0,6,0.6,1,3,131.0
1,1,1.0,5.0,8,0.9,1,1,159.0
4,2,1.6,4.1,41,0.7,1,7,527.0
4,2,1.5,4.0,19,0.9,0,1,247.0
6,2,1.4,4.3,28,3.1,0,1,291.0
3,1,1.0,4.6,10,2.1,0,30,137.0
7,3,2.1,4.2,10,10.6,0,14,425.0
4,3,2.1,5.0,34,0.0,1,3,344.0
6,3,1.6,4.5,28,0.0,0,7,375.0
4,2,1.2,4.5,98,1.0,1,2,392.0
3,1,1.0,4.2,18,0.5,1,7,152.0
4,2,1.0,4.6,7,0.8,0,2,262.0
7,3,2.1,4.6,50,2.7,0,1,516.0
3,2,1.2,5.0,7,3.6,0,14,270.0
6,2,1.5,4.5,64,1.0,0,3,398.0
4,2,1.3,4.6,12,4.8,0,1,148.0
6,3,2.3,4.6,4,2.3,0,2,394.0
6,3,1.9,4.0,4,9.0,0,2,219.0
5,4,2.9,5.0,4,1.3,0,5,564.0
8,5,3.0,3.9,9,0.8,0,1,572.0
3,2,1.0,4.2,17,0.1,0,2,208.0
1,1,1.0,4.8,43,0.1,1,1,232.0
5,2,1.8,4.5,18,1.0,0,2,246.0
4,2,1.7,4.1,54,0.4,0,5,232.0
6,2,1.7,4.5,14,1.0,1,7,378.0
1,1,1.0,5.0,39,4.0,0,1,157.0
4,2,1.4,4.7,17,9.9,0,5,133.0
8,3,1.5,5.0,76,1.7,1,1,891.0
5,2,1.8,4.3,76,1.2,0,3,188.0
3,1,1.0,4.2,16,8.1,1,2,200.0
4,2,1.2,4.8,4,0.3,0,3,195.0
2,1,1.0,4.1,4,1.6,1,1,234.0
4,2,1.4,4.2,12,0.2,1,30,349.0
6,3,1.9,4.4,10,4.9,0,3,358.0
2,1,1.0,4.5,49,0.3,0,1,127.0
4,1,1.0,4.5,21,1.6,1,1,384.0
2,1,1.0,4.8,18,0.8,0,2,140.0
2,1,1.0,5.0,18,3.9,0,5,92.0
5,2,1.7,4.5,21,4.4,1,3,308.0
7,4,2.8,4.8,2,0.5,0,3,685.0
3,2,1.7,4.3,49,1.0,1,1,277.0
5,2,1.1,3.8,11,2.8,1,1,387.0
3,1,1.0,4.2,46,1.0,1,1,299.0
2,1,1.0,3.6,96,1.6,0,3,218.0
6,4,2.8,5.0,30,10.5,1,5,499.0
4,2,1.3,4.1,102,4.7,1,14,272.0
3,1,1.0,4.6,88,3.1,0,1,210.0
5,2,1.5,3.7,55,8.4,0,1,226.0
1,1,1.0,4.2,40,1.9,0,30,119.0
4,1,1.0,4.7,26,3.6,0,3,191.0
1,1,1.0,4.8,10,1.4,0,3,85.0
3,1,1.0,3.8,17,6.6,0,30,68.0
5,2,1.4,3.8,22,0.1,1,7,392.0
3,1,1.0,4.8,6,6.9,0,2,121.0
6,3,1.5,4.6,48,1.3,1,1,442.0
4,2,1.5,5.0,3,1.0,0,1,163.0
2,1,1.0,3.9,3,2.2,0,1,128.0
4,2,1.0,5.0,3,4.5,0,30,275.0
3,2,1.4,5.0,3,0.7,0,2,191.0
6,2,1.7,5.0,106,18.6,0,1,111.0
4,2,1.3,5.0,83,2.3,1,7,479.0
5,3,2.2,4.7,85,1.6,0,2,441.0
3,1,1.2,5.0,30,4.1,0,7,156.0
1,1,1.0,4.9,38,0.2,1,2,149.0
3,1,1.0,3.7,13,0.3,0,2,202.0
3,1,1.0,4.4,51,10.5,1,1,166.0
3,2,1.4,4.3,8,2.8,1,5,364.0
2,1,1.1,4.4,59,4.9,0,3,124.0
5,2,1.9,3.8,13,0.8,1,1,500.0
6,3,2.2,5.0,3,0.3,0,1,375.0
1,1,1.0,4.2,4,6.9,0,1,74.0
2,2,1.2,5.0,63,1.7,0,3,154.0
3,1,1.0,4.0,23,1.6,0,30,154.0
2,1,1.0,4.0,5,2.9,1,2,186.0
2,1,1.0,4.9,2,0.9,0,30,172.0
6,3,1.5,4.4,39,1.2,0,3,522.0
2,1,1.0,4.3,7,5.5,1,1,111.0
6,2,1.6,4.7,72,0.7,0,1,462.0
2,1,1.0,4.6,10,1.0,0,3,149.0
4,3,2.1,4.6,9,0.7,0,1,290.0
4,2,1.6,5.0,2,2.2,0,30,134.0
5,2,1.4,4.0,9,5.5,0,2,223.0
5,3,2.1,4.2,5,2.8,1,14,496.0
3,1,1.0,4.4,49,5.3,1,3,168.0
5,3,2.2,4.1,30,1.0,0,3,372.0
2,2,1.5,4.5,11,5.7,0,1,142.0
2,1,1.3,4.0,18,1.4,0,3,111.0
4,2,1.7,4.5,2,3.7,1,5,218.0
3,1,1.3,4.9,19,6.7,0,2,124.0
1,1,1.0,4.7,24,1.7,0,1,92.0
6,3,1.8,4.4,6,3.5,0,1,426.0
6,4,2.9,3.9,44,2.1,1,2,652.0
5,3,2.2,5.0,7,12.4,1,1,225.0
4,2,1.6,4.6,140,2.7,1,1,405.0
8,4,2.6,4.9,15,1.7,0,1,551.0
1,1,1.0,4.5,34,1.3,1,2,68.0
4,2,1.7,5.0,31,8.5,1,2,274.0
8,4,2.7,3.8,3,1.6,1,2,1245.0
3,2,1.5,3.6,23,7.7,1,14,190.0
2,1,1.0,4.6,91,2.5,0,5,161.0
4,2,1.5,4.1,12,3.3,1,5,262.0
1,1,1.1,4.5,2,1.3,0,2,105.0
8,4,2.8,4.5,35,0.7,1,2,1135.0
5,2,1.7,4.9,71,0.6,0,3,244.0
2,1,1.0,4.7,27,3.9,1,3,148.0
8,5,3.6,5.0,32,9.5,0,2,631.0
7,3,2.3,4.5,5,2.3,0,5,396.0
2,1,1.0,4.3,5,3.9,0,2,132.0
3,1,1.0,4.9,7,0.9,0,5,132.0
5,2,1.8,4.5,58,5.5,0,3,285.0
3,3,2.1,4.7,136,4.8,0,1,344.0
4,3,1.7,4.4,8,1.0,0,3,236.0
7,4,2.8,4.5,13,3.5,0,2,534.0
5,2,1.8,3.8,53,2.7,0,1,250.0
4,2,1.5,3.9,106,6.1,0,5,248.0
5,3,2.1,4.3,22,2.4,0,3,345.0
5,3,2.2,4.5,13,4.5,0,2,282.0
7,4,2.4,4.2,39,2.5,1,3,732.0
4,1,1.0,4.5,1,4.4,0,3,168.0
5,3,2.3,4.7,19,5.4,1,30,386.0
6,3,2.2,5.0,10,4.6,0,3,483.0
2,2,1.5,4.7,110,0.2,0,5,168.0
3,1,1.0,4.8,7,5.6,0,5,100.0
6,3,2.2,4.0,70,9.1,0,5,337.0
3,2,1.5,4.8,10,2.2,0,1,234.0
2,1,1.0,4.0,5,6.7,0,1,140.0
5,2,1.8,4.1,2,7.9,0,14,134.0
5,3,2.0,4.0,24,2.2,1,1,573.0
6,4,3.1,5.0,1,3.3,1,1,561.0
6,2,1.3,3.9,7,3.7,0,14,290.0
4,2,1.0,4.8,26,0.3,0,3,176.0
6,3,2.2,4.3,24,3.0,0,2,378.0
2,2,1.2,5.0,22,5.6,1,1,255.0
8,3,2.0,3.7,5,5.1,0,5,685.0
2,1,1.0,4.6,49,2.6,1,3,216.0
4,2,1.1,4.3,1,6.0,1,1,309.0
8,4,3.2,4.1,4,5.2,1,2,649.0
1,1,1.0,4.6,52,8.7,0,7,69.0
4,2,1.2,4.4,1,3.2,0,1,261.0
4,2,1.2,3.5,23,3.3,0,5,275.0
3,2,1.4,4.0,8,3.7,0,1,153.0
5,3,2.2,4.9,35,2.3,0,3,378.0
5,2,1.3,5.0,29,1.5,1,3,554.0
3,3,2.3,3.0,12,3.8,0,5,143.0
2,1,1.0,4.3,68,6.3,0,5,111.0
1,1,1.0,5.0,122,7.0,1,1,82.0
4,1,1.0,5.0,13,0.3,1,3,261.0
3,1,1.0,4.7,23,1.5,1,1,547.0
4,1,1.2,4.9,11,0.4,0,2,168.0
6,4,3.0,5.0,4,0.8,0,2,550.0
4,2,1.3,5.0,156,4.0,0,5,169.0
2,1,1.0,4.4,2,9.1,0,7,153.0
3,1,1.0,5.0,16,2.0,0,1,189.0
6,2,1.8,4.8,26,2.9,0,7,539.0
4,2,1.2,4.1,5,1.7,0,2,210.0
6,4,3.2,3.9,19,2.2,0,2,431.0
3,1,1.1,4.4,15,5.3,0,1,128.0
2,1,1.0,5.0,3,1.5,0,3,169.0
2,1,1.0,3.9,185,8.6,0,3,116.0
4,2,1.0,5.0,32,0.5,0,2,268.0
4,2,1.0,4.7,7,1.5,0,7,246.0
4,2,1.2,4.6,2,12.9,0,3,121.0
7,3,2.2,4.0,12,1.6,0,1,345.0
8,5,3.5,5.0,2,8.8,1,3,1309.0
2,1,1.0,5.0,7,1.1,1,5,224.0
1,1,1.0,4.2,16,5.8,0,1,94.0
6,4,2.7,5.0,27,1.7,1,7,644.0
6,3,1.6,4.7,38,6.5,1,1,476.0
4,1,1.0,3.4,51,0.7,0,1,144.0
4,2,1.5,5.0,22,8.5,0,7,207.0
2,1,1.0,4.6,24,0.2,0,1,188.0
3,1,1.0,4.6,6,3.9,0,1,183.0
6,4,3.1,4.5,16,3.6,1,3,849.0
3,1,1.0,4.7,15,1.0,0,5,213.0
6,3,2.2,4.5,3,1.2,1,1,629.0
8,4,2.9,4.8,6,1.1,0,2,1057.0
4,2,1.4,4.5,4,4.2,0,30,204.0
4,1,1.0,4.2,1,6.3,1,2,225.0
3,1,1.2,4.9,46,0.6,1,2,368.0
4,1,1.0,4.6,8,0.6,0,7,220.0
2,1,1.0,4.4,10,0.4,0,3,173.0
5,2,1.5,4.7,15,3.3,0,2,301.0
2,1,1.0,4.4,124,2.7,0,7,123.0
4,2,1.8,5.0,2,3.7,0,1,328.0
3,2,1.6,3.7,106,0.2,0,3,337.0
4,2,1.3,4.6,9,2.3,0,2,229.0
3,2,1.9,4.5,11,1.4,1,1,267.0
4,2,1.5,4.7,27,2.6,0,1,262.0
2,1,1.0,5.0,1,4.1,0,3,197.0
2,1,1.1,3.5,2,2.7,1,1,225.0
2,1,1.0,3.8,3,0.2,0,2,108.0
4,2,1.4,4.2,29,0.8,0,5,237.0
3,1,1.0,4.6,33,5.3,0,1,116.0
5,3,2.2,5.0,39,1.2,0,3,312.0
2,1,1.0,5.0,55,0.5,0,2,260.0
5,2,1.6,4.6,7,0.9,1,1,338.0
4,2,1.3,4.3,16,1.2,0,3,206.0
1,1,1.2,4.1,31,0.2,1,2,131.0
6,3,2.1,4.8,33,10.0,0,7,201.0
4,3,2.3,5.0,25,0.5,1,1,485.0
2,1,1.0,5.0,29,1.7,0,5,105.0
3,2,1.0,4.8,33,0.1,0,3,272.0
3,1,1.0,4.0,62,0.1,0,2,176.0
3,1,1.0,3.9,94,2.6,0,1,138.0
4,1,1.0,4.1,11,0.7,0,1,176.0
4,2,1.3,5.0,39,0.7,0,7,238.0
4,2,1.3,4.4,6,0.6,0,5,211.0
5,1,1.0,5.0,14,1.3,0,1,256.0
1,1,1.0,4.1,70,1.3,0,2,153.0
2,1,1.0,4.7,33,2.2,0,14,130.0
4,2,1.7,3.9,13,3.5,0,2,201.0
1,1,1.0,5.0,17,7.7,1,2,102.0
5,2,1.5,4.6,31,3.5,1,1,406.0
2,1,1.0,4.9,30,0.7,0,5,79.0
4,2,1.3,5.0,25,3.3,0,1,182.0
2,1,1.0,3.9,31,2.0,1,2,150.0
1,1,1.0,4.8,11,10.9,0,2,81.0
8,4,3.2,4.1,19,11.2,0,1,505.0
3,2,1.3,3.9,76,4.5,0,30,222.0
3,2,1.2,5.0,7,2.1,0,1,232.0
4,2,1.5,4.7,12,1.3,0,2,212.0
6,3,1.7,3.8,51,0.1,0,5,327.0
4,2,1.5,4.0,52,1.9,0,3,234.0
3,2,1.9,4.9,2,1.6,1,1,296.0
4,2,1.5,4.5,5,6.2,0,14,152.0
4,2,1.3,4.5,70,2.7,1,5,366.0
2,1,1.0,3.9,22,0.3,0,3,154.0
3,3,2.3,4.1,15,1.0,0,7,203.0
1,1,1.0,4.0,1,0.4,0,1,95.0
2,2,1.3,4.2,2,2.6,1,1,115.0
4,3,2.0,4.9,23,2.4,0,14,231.0
1,1,1.0,3.8,17,1.6,0,14,106.0
4,3,1.9,4.6,39,7.6,0,1,254.0
1,1,1.0,5.0,30,0.7,0,30,147.0
7,4,2.9,4.5,17,1.5,0,2,502.0
5,3,2.2,4.3,13,4.6,0,5,271.0
4,2,1.4,4.3,70,0.3,0,5,284.0
4,2,1.6,5.0,8,2.2,1,2,397.0
2,1,1.0,4.8,27,5.6,1,2,247.0
5,3,1.8,5.0,117,0.1,1,2,549.0
7,4,3.0,5.0,4,5.8,0,3,778.0
4,2,1.5,5.0,10,1.7,1,14,409.0
3,1,1.0,4.0,12,0.4,0,2,177.0
4,2,1.2,4.4,49,12.2,0,3,84.0
4,2,1.4,4.6,53,8.2,0,3,229.0
7,3,2.3,4.1,16,8.6,0,2,254.0
6,3,1.5,4.4,20,0.2,0,1,648.0
6,3,1.7,4.3,1,5.9,0,1,216.0
2,1,1.0,4.5,25,0.9,1,2,190.0
8,4,2.8,5.0,20,0.4,1,3,1199.0
2,1,1.0,3.9,42,2.5,1,1,221.0
5,2,1.3,3.9,70,0.6,0,2,305.0
3,1,1.0,4.1,8,8.3,0,1,105.0
3,1,1.0,4.8,43,0.4,1,3,310.0
6,4,2.7,4.5,43,0.2,0,7,643.0
2,1,1.2,5.0,18,11.7,0,2,81.0
4,2,1.5,4.0,58,3.4,1,14,218.0
4,3,2.0,5.0,33,4.0,1,1,430.0
7,4,2.6,4.8,11,1.4,1,1,1271.0
8,4,3.0,5.0,33,8.5,0,14,644.0
3,1,1.0,4.8,29,0.4,1,1,246.0
7,4,2.6,4.3,8,0.8,0,14,699.0
8,4,2.8,4.6,37,0.2,1,1,1460.0
6,3,1.8,4.1,41,0.9,0,1,469.0
7,4,2.3,4.7,72,1.2,0,2,973.0
2,2,1.0,4.8,24,7.6,0,2,141.0
3,1,1.0,4.8,118,4.6,1,2,141.0
2,2,1.7,4.6,19,0.2,1,5,218.0
2,1,1.0,4.2,2,2.4,0,5,119.0
5,2,1.2,4.5,65,0.5,0,2,244.0
3,1,1.0,4.2,8,2.2,0,1,169.0
4,2,1.2,3.9,15,0.2,1,1,355.0
5,2,1.1,4.5,12,0.4,0,1,320.0
2,1,1.0,4.2,4,0.5,1,3,163.0
5,3,2.5,4.5,44,0.0,0,1,527.0
5,2,1.8,5.0,26,2.0,1,3,368.0
3,2,1.4,4.2,83,0.3,0,2,211.0
5,3,1.6,5.0,5,1.4,0,7,315.0
6,2,1.7,4.7,49,1.7,0,2,416.0
2,2,1.7,4.9,25,4.9,0,1,235.0
4,2,1.5,4.9,25,4.3,0,7,177.0
6,3,2.3,4.4,29,0.8,0,2,361.0
3,1,1.0,4.5,6,0.1,0,2,166.0
1,1,1.0,4.1,10,0.7,1,7,145.0
4,2,1.6,4.2,3,3.0,0,3,167.0
4,1,1.0,5.0,28,1.5,1,7,269.0
3,2,1.8,4.1,128,0.2,0,5,219.0
7,4,2.8,5.0,2,5.0,0,1,760.0
4,2,1.5,4.9,24,9.8,1,3,192.0
3,3,1.9,4.8,26,4.8,1,3,373.0
4,2,1.5,5.0,100,1.3,0,5,232.0
3,2,1.8,3.5,69,0.7,0,2,211.0
5,3,2.3,5.0,139,0.0,0,7,420.0
8,4,2.8,4.3,19,0.2,1,5,1071.0
5,2,1.1,4.6,11,3.4,1,30,410.0
3,1,1.0,4.4,11,0.4,0,1,148.0
2,2,1.5,4.5,11,0.6,0,2,135.0
5,2,1.2,4.8,66,4.0,0,2,331.0
1,1,1.0,4.6,76,12.6,1,2,78.0
5,3,2.0,5.0,11,0.6,1,30,637.0
4,3,2.4,4.6,24,1.2,0,1,220.0
8,4,2.6,5.0,2,1.0,0,7,537.0
4,2,1.2,5.0,30,2.5,0,2,147.0
5,3,1.6,4.6,42,2.7,0,14,281.0
5,3,2.4,4.7,4,0.3,1,7,658.0
4,2,1.5,4.7,29,5.6,0,3,251.0
4,2,1.8,4.2,26,2.4,0,1,186.0
4,3,2.0,4.1,58,0.5,1,3,601.0
4,2,1.4,4.2,1,0.6,0,3,154.0
5,3,2.0,5.0,18,2.0,0,3,295.0
5,3,2.4,4.7,7,0.1,1,1,361.0
2,1,1.0,4.6,95,5.8,1,1,161.0
4,1,1.0,4.7,37,1.8,1,14,298.0
6,3,2.6,4.6,21,1.4,0,1,463.0
3,2,1.1,4.5,3,1.2,0,2,228.0
4,2,1.4,4.3,5,0.5,1,3,286.0
6,2,1.5,4.4,8,1.2,0,2,248.0
8,4,2.0,4.4,6,0.4,0,2,651.0
6,2,1.0,4.6,77,0.4,0,5,349.0
3,2,1.4,4.5,7,1.8,0,1,137.0
5,3,2.1,3.8,34,11.0,1,1,217.0
4,2,1.8,4.1,1,2.2,0,1,185.0
5,3,2.2,5.0,88,1.8,0,7,262.0
1,1,1.1,4.4,24,3.2,1,3,131.0
5,3,1.9,3.9,8,2.9,0,2,323.0
4,3,2.0,4.9,25,3.1,0,5,465.0
5,2,1.6,3.9,5,2.5,1,1,522.0
4,2,1.5,4.3,8,2.2,0,2,222.0
6,3,2.1,3.6,21,4.9,0,30,226.0
6,3,1.8,4.9,4,2.2,1,30,413.0
6,3,2.0,4.5,7,0.7,1,30,432.0
3,2,1.2,4.7,38,0.7,1,2,355.0
6,3,1.6,5.0,7,0.6,0,2,533.0
4,3,2.0,4.7,13,2.0,1,2,452.0
5,2,1.9,4.7,16,1.1,0,2,348.0
3,2,1.3,5.0,6,6.3,0,14,135.0
8,4,2.7,4.7,34,0.4,0,2,848.0
4,3,2.2,3.8,129,1.6,0,3,302.0
4,1,1.0,4.9,3,3.1,1,5,297.0
2,1,1.0,4.0,31,4.0,0,14,159.0
4,1,1.0,4.2,23,0.2,0,5,246.0
4,1,1.0,4.8,13,1.9,0,7,217.0
2,1,1.0,4.8,15,12.8,0,3,58.0
5,3,2.2,5.0,7,1.9,0,7,416.0
6,3,2.4,3.1,17,0.0,0,3,270.0
4,1,1.0,4.3,13,0.5,0,2,277.0
8,4,2.7,4.2,86,0.8,0,1,376.0
2,1,1.0,4.6,4,9.1,1,3,179.0
2,1,1.0,4.4,71,3.1,0,2,165.0
7,3,1.8,4.8,42,0.4,1,1,1086.0
3,2,1.2,4.7,7,4.2,1,1,182.0
4,3,2.2,4.3,71,5.7,0,7,120.0
3,2,1.2,4.2,2,1.1,0,30,195.0
6,3,1.9,4.5,34,9.3,0,5,326.0
4,2,1.3,4.0,33,5.6,0,14,203.0
7,3,2.0,4.1,23,12.4,0,30,200.0
1,1,1.0,5.0,90,1.9,0,7,111.0
4,2,1.5,4.3,94,3.1,0,1,250.0
4,3,2.0,4.8,28,1.4,1,2,451.0
2,1,1.0,4.6,14,1.0,1,7,262.0
4,2,1.4,4.1,6,5.6,0,1,185.0
4,2,1.6,4.8,55,0.9,0,5,221.0
3,1,1.2,4.7,13,3.3,0,1,167.0
3,2,1.1,5.0,3,6.5,1,1,256.0
2,1,1.0,3.9,29,1.5,0,3,104.0
4,2,1.0,4.2,19,3.1,1,30,198.0
5,2,1.6,4.3,13,2.6,0,14,259.0
4,1,1.0,4.9,39,2.6,0,3,206.0
4,3,2.4,4.0,8,1.6,1,3,393.0
2,2,1.0,4.7,6,2.9,0,30,138.0
4,2,1.0,4.7,7,7.0,1,30,378.0
7,3,2.2,4.4,4,2.2,0,1,481.0
2,1,1.0,4.8,1,2.0,0,1,176.0
2,1,1.1,3.7,41,0.1,0,3,118.0
2,1,1.0,4.7,17,5.7,0,2,96.0
4,3,1.8,4.7,57,1.1,0,3,352.0
8,3,2.0,4.8,10,1.2,1,7,998.0
4,1,1.0,3.8,18,5.3,0,5,163.0
8,5,3.3,5.0,30,2.2,1,7,1500.0
8,4,3.0,5.0,24,1.5,0,3,728.0
5,3,2.1,4.1,33,3.4,0,7,285.0
3,2,1.6,4.7,22,4.4,1,3,270.0
7,3,2.1,5.0,28,2.3,0,2,511.0
8,4,2.9,3.2,1,3.1,0,2,748.0
5,4,2.7,4.4,33,0.4,1,2,440.0
2,2,1.8,4.5,74,1.1,0,1,195.0
6,2,1.6,4.6,17,2.5,1,7,640.0
3,1,1.0,5.0,4,4.2,0,1,153.0
1,1,1.0,4.5,15,2.2,0,1,151.0
1,1,1.0,3.8,52,5.7,1,14,124.0
2,2,1.7,4.5,24,4.6,0,30,141.0
6,3,1.9,4.7,17,5.7,0,1,258.0
3,1,1.0,4.2,14,1.3,0,14,127.0
2,1,1.0,4.0,70,2.3,0,3,137.0
3,1,1.0,4.6,34,0.1,0,2,103.0
2,1,1.0,4.7,41,2.7,0,2,170.0
4,2,1.4,4.7,28,1.8,1,14,316.0
5,3,2.1,3.7,15,2.3,0,1,227.0
2,1,1.0,4.9,9,3.1,1,2,204.0
5,3,1.7,5.0,2,2.4,0,7,452.0
6,2,1.0,3.9,40,1.8,0,1,265.0
4,1,1.4,5.0,40,2.4,0,1,167.0
6,3,1.9,4.7,49,2.0,0,30,363.0
8,5,3.4,4.5,13,5.1,0,2,441.0
2,2,1.1,4.4,27,7.7,0,3,81.0
4,2,2.1,5.0,27,5.1,0,5,216.0
2,1,1.0,5.0,8,4.0,0,2,148.0
4,2,1.3,4.2,39,2.0,1,1,243.0
3,1,1.0,4.7,12,0.3,0,7,164.0
6,3,2.0,4.4,48,2.3,0,1,378.0
5,2,1.0,4.2,7,1.0,0,1,362.0
5,3,1.3,4.5,2,7.5,0,1,162.0
2,1,1.0,4.4,16,6.4,0,1,68.0
5,2,1.1,3.8,13,1.0,1,3,401.0
6,2,1.9,4.9,43,0.0,0,7,478.0
6,3,2.8,4.3,26,4.3,0,30,285.0
4,2,1.6,4.0,2,0.6,0,14,275.0
2,1,1.0,5.0,29,2.3,0,3,128.0
4,2,1.3,4.1,7,3.3,0,2,226.0
2,1,1.0,4.4,22,2.1,1,1,256.0
2,1,1.0,3.8,2,0.7,0,3,152.0
4,2,1.2,4.7,41,0.2,0,5,380.0
2,1,1.0,4.8,76,0.3,0,1,133.0
3,1,1.0,5.0,12,2.1,0,5,170.0
2,1,1.0,4.9,22,2.3,0,14,216.0
4,2,1.6,4.5,72,6.3,0,3,234.0
3,2,1.5,4.0,17,2.4,0,2,233.0
2,2,1.9,5.0,25,9.5,0,2,101.0
3,1,1.0,4.7,2,0.5,1,1,202.0
5,2,1.5,4.1,102,8.6,0,14,182.0
5,2,1.2,5.0,98,0.4,1,30,333.0
4,3,2.5,5.0,59,3.6,0,2,350.0
3,2,1.5,5.0,39,3.8,0,5,192.0
7,3,1.7,4.2,109,1.9,0,5,278.0
4,1,1.0,3.7,48,0.5,1,3,321.0
2,1,1.0,5.0,12,0.8,0,2,203.0
4,3,2.5,5.0,38,3.1,1,3,328.0
5,2,1.7,5.0,24,2.3,0,1,388.0
4,1,1.0,4.4,24,0.4,0,3,203.0
2,1,1.0,4.4,67,0.1,0,2,185.0
5,3,2.6,3.9,21,3.4,1,3,378.0
4,2,2.2,3.8,23,1.4,0,1,163.0
4,2,1.0,4.4,2,3.0,0,1,252.0
3,1,1.0,4.1,45,0.7,0,3,162.0
2,2,1.0,4.0,106,0.3,0,2,132.0
6,4,2.5,4.9,49,0.5,0,3,414.0
5,3,2.7,4.1,6,2.7,0,1,261.0
8,4,2.9,5.0,12,1.0,0,14,763.0
7,3,2.2,5.0,44,5.8,0,2,447.0
3,1,1.1,4.7,110,4.2,0,2,171.0
2,2,1.4,3.3,45,5.9,1,5,89.0
8,4,2.9,5.0,13,6.7,0,7,466.0
7,4,2.8,4.5,31,3.1,0,2,649.0
1,1,1.0,4.9,97,0.6,0,1,179.0
4,3,2.1,5.0,37,2.0,0,30,303.0
6,2,1.4,4.4,77,0.1,0,7,258.0
2,1,1.0,3.7,22,0.2,0,1,118.0
4,1,1.0,3.5,52,5.2,0,2,110.0
2,1,1.0,4.2,1,2.2,0,2,107.0
5,2,1.9,4.6,15,3.1,0,1,364.0
3,2,1.8,3.7,29,2.8,0,2,227.0
4,2,1.9,3.9,90,0.2,1,7,274.0
2,1,1.0,4.2,25,3.3,0,5,76.0
6,2,1.0,4.3,152,7.1,0,3,209.0
5,2,1.6,4.3,1,2.3,0,1,245.0
1,1,1.2,4.4,53,0.5,0,3,98.0
8,4,2.7,4.1,21,3.6,0,1,400.0
6,3,1.9,4.2,51,1.6,0,7,252.0
3,1,1.1,5.0,7,2.4,0,14,209.0
7,3,1.9,4.8,16,6.1,1,1,480.0
7,5,3.7,4.4,10,6.8,0,1,323.0
2,1,1.0,5.0,14,2.8,0,3,168.0
4,1,1.0,4.5,16,2.1,0,3,205.0
2,1,1.0,4.9,13,2.8,0,2,148.0
4,2,1.5,5.0,20,3.1,1,2,389.0
2,2,1.3,4.9,88,4.9,1,30,116.0
2,1,1.0,4.7,27,2.3,0,1,211.0
3,2,1.3,4.9,42,4.1,0,5,296.0
3,2,1.0,4.3,46,0.2,1,2,188.0
2,1,1.0,4.2,8,2.6,0,5,106.0
2,1,1.0,4.1,24,0.3,0,3,183.0
1,1,1.0,3.7,14,0.8,0,1,131.0
3,2,1.5,4.5,21,5.8,0,30,181.0
4,2,1.2,3.3,7,2.9,0,2,175.0
6,2,1.0,4.6,78,2.4,0,2,386.0
4,2,1.0,4.6,8,0.9,1,1,338.0
6,4,3.0,4.5,38,1.1,0,7,691.0
3,2,1.0,4.2,5,6.8,0,30,136.0
4,1,1.0,4.1,13,2.2,0,2,319.0
1,1,1.0,4.1,93,3.0,1,30,125.0
4,2,1.5,4.8,7,3.7,0,1,281.0
8,4,2.6,4.4,5,0.9,1,5,1169.0
4,2,1.3,4.9,37,0.4,0,5,246.0
5,3,2.5,5.0,65,2.3,1,30,423.0
3,2,1.1,4.0,21,5.0,0,2,144.0
2,1,1.0,3.5,34,1.1,1,3,117.0
2,1,1.0,5.0,21,1.9,0,2,97.0
5,2,1.1,4.5,7,1.8,1,1,382.0
4,1,1.1,4.8,20,2.6,0,3,128.0
1,1,1.3,4.1,59,3.2,1,1,105.0
4,3,1.9,4.2,3,0.9,0,1,256.0
4,2,1.2,4.3,2,3.1,0,2,157.0
4,2,1.0,4.9,15,16.1,0,1,152.0
3,1,1.0,3.4,40,2.3,0,30,147.0
5,2,1.2,5.0,18,4.0,0,2,310.0
3,2,1.3,4.2,39,7.4,0,14,93.0
7,4,3.2,4.0,1,2.6,1,2,616.0
7,3,2.3,5.0,21,1.4,1,1,364.0
5,3,2.2,5.0,93,0.6,1,2,377.0
4,2,1.7,3.9,60,1.0,0,7,190.0
6,3,2.1,4.8,15,8.4,0,3,278.0
7,3,2.2,5.0,34,3.3,0,30,620.0
4,2,1.4,4.4,8,8.4,0,2,198.0
2,1,1.0,4.9,23,2.9,0,1,138.0
5,3,2.4,5.0,14,2.2,1,5,553.0
6,3,2.0,4.9,21,0.0,0,1,412.0
4,1,1.0,4.5,16,2.8,0,14,188.0
2,1,1.0,4.1,1,0.7,1,14,170.0
4,2,1.8,5.0,19,7.0,0,1,175.0
4,3,1.8,4.6,79,1.0,1,2,302.0
3,2,1.6,4.5,42,2.7,1,3,149.0
2,1,1.0,5.0,40,3.7,0,1,122.0
2,1,1.3,5.0,13,3.6,0,1,106.0
4,2,1.4,5.0,10,1.0,0,1,396.0
5,3,2.1,5.0,6,2.1,0,30,320.0
2,1,1.0,5.0,46,0.5,0,1,82.0
4,1,1.0,4.7,65,8.3,1,2,196.0
3,1,1.0,5.0,18,0.6,1,3,389.0
3,2,1.5,4.3,5,2.2,0,1,206.0
3,2,1.4,5.0,1,3.0,1,7,139.0
2,1,1.0,4.7,23,1.6,0,2,129.0
2,1,1.0,4.4,59,0.0,1,1,86.0
1,1,1.0,4.1,46,0.3,1,1,137.0
3,1,1.0,4.8,144,1.5,0,2,121.0
2,1,1.0,3.8,22,1.4,0,3,131.0
1,1,1.0,4.0,10,4.4,0,7,152.0
6,3,2.1,3.9,103,8.3,0,7,214.0
1,1,1.0,4.7,18,5.7,0,2,87.0
5,3,2.7,4.0,8,1.1,1,14,674.0
1,1,1.0,5.0,8,1.5,1,3,130.0
3,2,1.7,4.1,21,1.5,1,14,89.0
4,2,1.3,4.6,34,12.4,1,1,277.0
3,1,1.0,4.8,5,0.0,1,7,244.0
5,2,1.3,4.0,4,2.5,0,30,311.0
5,3,2.0,4.6,10,2.2,1,7,447.0
4,2,1.1,4.0,92,0.2,0,1,243.0
4,1,1.0,4.8,62,1.6,0,1,216.0
2,2,1.6,4.2,33,4.8,0,7,130.0
6,3,1.8,3.6,21,4.2,0,1,328.0
4,2,1.6,4.6,7,0.0,0,2,223.0
6,3,2.2,5.0,6,6.1,0,3,263.0
4,2,1.2,4.6,38,3.1,0,3,288.0
2,1,1.0,5.0,20,0.0,0,1,152.0
4,2,1.3,5.0,50,7.4,0,3,162.0
3,1,1.0,4.1,6,0.2,0,2,165.0
7,3,2.3,4.1,2,4.3,1,3,498.0
5,3,2.0,4.1,22,1.6,0,1,382.0
4,2,1.5,4.2,58,10.2,0,2,128.0
3,2,1.6,5.0,4,1.6,0,2,154.0
3,1,1.0,4.4,10,1.3,0,5,126.0
2,1,1.1,4.6,33,0.2,1,30,199.0
6,3,2.4,5.0,8,2.9,0,2,665.0
4,2,1.2,4.2,24,4.4,0,1,207.0
5,2,1.0,4.5,28,2.5,0,1,297.0
2,2,1.0,4.2,13,0.6,0,7,210.0
5,3,2.3,4.6,13,6.6,0,1,221.0
5,1,1.0,4.5,12,2.9,0,5,200.0
2,2,1.2,4.2,34,1.4,1,3,174.0
3,2,1.0,4.3,11,8.0,1,5,146.0
4,2,1.9,4.5,5,2.4,1,2,334.0
1,1,1.0,4.4,34,4.1,0,3,72.0
2,1,1.0,4.8,47,1.4,1,1,199.0
4,1,1.0,4.4,1,0.5,0,7,204.0
3,1,1.0,4.9,39,1.1,1,5,190.0
6,4,2.6,3.7,20,2.1,1,1,984.0
2,1,1.0,4.0,26,11.5,0,1,94.0
3,1,1.0,4.8,4,1.3,1,5,466.0
3,1,1.0,3.9,9,1.9,0,30,92.0
4,2,1.3,3.6,7,6.4,0,2,142.0
8,5,3.6,4.4,42,5.7,0,5,581.0
4,3,2.1,4.9,8,5.3,1,1,329.0
1,1,1.0,4.4,39,0.3,0,30,75.0
5,3,1.8,3.8,11,0.4,0,2,555.0
7,3,2.9,4.2,20,1.9,1,5,662.0
5,2,1.2,5.0,46,0.2,0,30,315.0
5,2,1.0,4.8,2,4.4,0,14,313.0
7,3,2.4,3.9,12,1.3,0,1,433.0
3,1,1.0,4.5,2,7.1,1,5,154.0
8,4,2.9,4.9,6,4.2,0,5,1013.0
2,1,1.0,4.0,41,1.1,0,1,145.0
6,2,1.4,4.5,22,2.9,1,1,593.0
2,1,1.2,5.0,99,3.4,0,1,144.0
5,2,1.1,5.0,5,0.8,1,1,415.0
6,3,2.1,4.8,15,1.5,0,3,486.0
2,1,1.0,4.1,6,2.5,0,2,112.0
3,1,1.0,5.0,13,2.2,0,1,157.0
4,1,1.0,3.9,44,0.4,1,2,296.0
7,3,2.1,3.9,14,3.2,0,2,453.0
4,3,2.3,4.7,34,1.7,1,1,247.0
3,1,1.0,5.0,26,8.4,0,3,159.0
3,1,1.0,4.8,110,3.6,1,2,134.0
5,4,2.7,4.7,47,3.8,0,2,322.0
4,2,1.6,4.6,5,2.5,0,2,280.0
4,1,1.0,4.4,3,2.3,0,1,108.0
4,2,1.1,5.0,36,2.4,0,14,229.0
3,1,1.0,4.7,7,0.6,1,2,295.0
6,3,2.3,4.2,7,3.5,0,1,222.0
3,2,1.7,4.8,37,1.2,0,1,261.0
7,3,2.1,3.6,29,2.1,0,1,480.0
4,2,1.5,3.7,3,2.5,0,2,217.0
2,1,1.0,4.0,40,6.1,1,5,198.0
3,1,1.0,4.6,12,0.7,0,2,183.0
2,1,1.0,4.8,29,8.9,1,2,106.0
2,1,1.0,4.9,16,2.7,1,3,190.0
2,1,1.0,4.8,30,5.8,0,1,148.0
3,1,1.0,5.0,49,0.1,1,2,300.0
3,2,1.0,4.0,2,1.5,0,1,259.0
3,2,1.1,4.1,22,4.9,1,2,194.0
6,3,2.0,5.0,52,1.3,0,14,593.0
2,2,1.2,5.0,2,2.1,0,3,197.0
2,1,1.0,4.4,29,2.8,0,5,162.0
2,1,1.0,5.0,25,6.6,0,5,124.0
6,3,2.4,4.8,2,0.1,1,7,486.0
2,2,1.1,4.8,17,2.6,1,2,189.0
3,1,1.0,5.0,1,9.2,0,2,175.0
4,1,1.5,4.3,11,6.7,0,5,174.0
6,3,2.3,4.9,21,0.7,0,2,320.0
2,1,1.0,4.2,20,4.0,0,1,89.0
2,1,1.0,4.4,21,3.0,0,1,172.0
2,1,1.0,4.1,49,1.4,0,30,171.0
3,1,1.0,4.6,3,12.9,1,2,181.0
3,2,1.9,3.9,22,4.2,0,5,151.0
3,1,1.0,4.0,61,2.6,0,7,154.0
2,1,1.0,4.3,32,1.2,0,1,146.0
4,2,1.6,3.5,36,10.4,1,3,183.0
6,3,2.0,4.2,16,0.3,0,2,368.0
5,3,2.5,4.8,23,3.0,0,2,448.0
4,3,2.2,4.2,1,3.9,0,1,232.0
8,4,2.5,5.0,97,4.2,0,7,557.0
2,1,1.0,3.6,61,2.9,1,2,147.0
2,1,1.0,4.6,2,0.8,0,2,174.0
6,3,1.3,4.5,174,6.7,0,7,350.0
4,2,1.6,4.6,19,2.7,0,5,139.0
2,1,1.0,4.5,10,3.7,1,2,87.0
6,3,2.7,3.6,9,5.8,0,2,165.0
4,2,1.6,4.8,57,0.9,0,5,286.0
3,2,1.9,4.1,8,5.1,0,2,230.0
1,1,1.0,4.3,16,0.8,0,7,115.0
2,2,1.3,4.7,2,0.5,0,2,141.0
4,2,2.1,4.5,20,2.1,1,14,367.0
3,3,1.6,5.0,60,2.6,0,5,165.0
1,1,1.0,4.4,79,0.9,0,3,126.0
8,4,2.5,3.6,30,2.3,1,3,984.0
6,3,2.4,4.7,50,5.5,1,2,401.0
3,2,1.2,4.7,71,3.5,1,2,231.0
4,2,1.6,5.0,53,2.6,0,3,173.0
4,2,1.7,3.7,19,0.1,1,30,350.0
5,2,1.5,4.8,53,1.1,0,1,315.0
2,2,1.5,4.6,31,5.0,1,1,162.0
1,1,1.0,4.3,4,1.6,0,1,166.0
2,1,1.0,4.2,25,0.4,0,5,185.0
2,1,1.0,4.1,113,0.2,0,5,184.0
6,3,2.4,5.0,3,0.9,0,1,544.0
3,1,1.0,3.7,52,3.3,0,7,153.0
6,3,2.1,4.5,4,1.1,0,30,396.0
6,3,2.5,4.6,15,2.6,1,1,470.0
3,2,1.3,5.0,8,0.9,0,2,139.0
5,2,1.6,4.1,14,8.1,0,1,176.0
7,4,3.1,4.6,28,6.8,0,3,632.0
4,3,2.6,4.1,31,5.2,1,1,319.0
2,1,1.0,3.8,129,1.3,0,30,170.0
2,1,1.0,5.0,43,4.3,1,1,100.0
5,3,2.0,4.2,26,5.0,1,1,545.0
8,4,2.5,3.8,47,7.2,0,2,654.0
7,3,2.5,3.7,34,12.0,0,30,193.0
5,3,2.3,4.4,55,1.3,0,1,194.0
4,1,1.1,4.8,11,0.5,0,1,180.0
3,1,1.0,4.3,45,2.1,0,3,119.0
2,1,1.0,4.5,183,0.6,1,30,247.0
1,1,1.0,4.4,7,0.5,1,5,182.0
6,3,2.0,4.3,28,0.9,0,7,248.0
5,2,1.2,3.9,8,2.2,0,2,219.0
3,1,1.0,5.0,36,5.3,1,1,157.0
4,1,1.0,4.8,53,1.2,0,1,211.0
3,2,1.1,4.0,43,3.9,0,2,119.0
3,2,1.5,5.0,24,2.2,0,1,203.0
3,2,1.4,5.0,15,0.6,1,2,332.0
5,3,2.2,5.0,155,1.6,0,2,307.0
4,2,1.6,4.8,85,0.4,0,1,218.0
4,2,1.8,4.0,22,1.1,1,1,340.0
8,4,2.9,4.4,59,0.0,0,3,723.0
2,1,1.1,5.0,25,1.0,0,5,162.0
6,3,1.9,4.2,6,7.4,0,30,308.0
3,1,1.0,3.3,8,0.3,0,3,129.0
3,1,1.0,4.5,22,0.2,1,3,247.0
1,1,1.0,4.1,43,0.5,1,1,114.0
1,1,1.0,4.7,18,0.2,1,1,129.0
3,2,1.4,4.0,47,0.9,0,2,154.0
4,2,1.5,4.2,10,2.6,0,14,228.0
5,2,1.5,3.9,2,7.0,0,3,158.0
4,3,2.3,3.8,97,4.2,1,3,213.0
3,2,1.3,4.1,11,1.4,0,3,210.0
5,2,1.4,4.1,12,3.8,1,2,417.0
2,1,1.0,5.0,1,0.6,0,30,154.0
2,1,1.2,4.5,15,0.9,1,5,114.0
4,3,2.0,3.9,17,4.8,0,7,253.0
4,2,1.2,4.5,14,4.0,0,14,243.0
2,1,1.0,5.0,83,5.4,0,2,174.0
4,2,1.2,3.8,46,1.3,1,2,297.0
2,1,1.0,4.3,26,0.2,0,5,129.0
4,3,2.2,5.0,18,2.8,0,7,169.0
6,4,3.4,5.0,26,4.6,0,7,763.0
4,2,1.0,4.2,57,4.3,1,5,244.0
4,2,1.2,4.8,16,2.4,1,1,243.0
3,1,1.0,4.5,19,3.3,0,14,164.0
7,4,2.7,5.0,15,5.4,0,1,541.0
5,3,1.7,4.3,20,1.3,0,14,259.0
2,1,1.0,4.7,8,1.5,1,1,127.0
4,2,1.5,4.0,10,2.6,1,1,357.0
5,3,2.0,5.0,12,2.6,0,7,432.0
4,2,1.5,4.9,4,7.1,0,1,212.0
1,1,1.0,5.0,17,2.0,1,1,122.0
1,1,1.0,4.8,13,1.0,0,1,118.0
6,4,2.6,5.0,48,2.2,0,1,772.0
4,3,2.1,5.0,14,5.4,0,1,214.0
8,5,3.7,4.9,49,2.4,0,1,797.0
5,2,1.6,3.8,33,1.6,1,1,382.0
4,2,1.2,5.0,6,3.9,0,14,213.0
2,2,1.5,4.0,11,2.8,0,5,126.0
2,1,1.2,4.7,28,2.0,1,1,202.0
5,3,1.9,4.3,6,1.7,0,7,348.0
2,2,1.7,3.7,36,0.5,0,5,173.0
4,2,1.3,4.0,2,1.4,1,2,375.0
4,2,1.3,5.0,13,10.2,1,2,226.0
2,2,1.6,5.0,89,1.4,1,3,185.0
5,3,2.1,4.5,118,3.3,1,5,543.0
7,4,2.8,4.7,5,1.0,0,3,853.0
3,2,1.6,4.1,30,0.3,0,1,155.0
4,2,1.2,4.0,42,3.6,0,2,207.0
3,1,1.4,5.0,105,0.9,1,1,183.0
4,1,1.0,5.0,19,1.8,1,7,246.0
7,3,2.0,4.4,17,3.7,0,1,386.0
2,1,1.0,5.0,24,1.4,1,3,220.0
8,4,2.8,5.0,10,2.2,1,1,1352.0
4,3,2.2,4.6,81,10.2,1,7,173.0
2,1,1.0,5.0,31,6.8,1,3,218.0
2,1,1.0,4.8,2,1.0,0,2,266.0
3,2,1.7,4.2,79,0.1,0,3,213.0
6,3,2.5,5.0,37,0.5,1,14,695.0
2,2,1.6,5.0,4,1.6,1,2,222.0
5,3,2.0,4.5,2,0.7,0,1,368.0
4,2,1.2,5.0,18,11.6,0,5,194.0
2,1,1.0,4.2,21,4.1,0,2,95.0
2,1,1.0,4.7,39,2.4,0,1,156.0
3,1,1.0,4.8,113,3.5,0,1,147.0
2,1,1.0,4.9,35,3.4,1,3,141.0
2,1,1.0,4.4,2,1.3,1,2,186.0
1,1,1.3,5.0,79,0.1,0,1,168.0
2,1,1.2,5.0,16,0.0,0,7,122.0
4,2,1.7,4.2,26,3.6,1,1,243.0
3,2,1.3,4.2,22,6.3,0,1,246.0
4,3,2.2,4.3,8,3.6,1,1,360.0
4,2,1.0,3.6,100,1.8,0,3,260.0
4,2,1.3,4.2,6,3.2,1,2,433.0
3,2,1.3,4.6,36,1.7,0,3,181.0
5,2,1.6,3.7,64,1.0,0,2,250.0
4,1,1.2,5.0,52,12.1,1,1,123.0
4,1,1.0,4.2,16,4.0,0,1,140.0
3,2,1.7,5.0,5,0.3,0,2,319.0
6,2,1.5,3.6,3,3.2,0,5,295.0
3,1,1.0,4.9,25,4.8,0,2,101.0
4,3,2.1,5.0,23,1.0,1,2,361.0
3,1,1.0,5.0,12,0.5,0,2,181.0
4,2,1.1,4.2,15,1.4,1,3,376.0
5,4,3.2,3.9,3,2.9,1,1,407.0
5,3,2.2,4.6,54,0.3,0,5,430.0
3,2,1.2,4.6,19,5.8,0,2,177.0
2,1,1.0,5.0,15,4.4,0,1,146.0
2,1,1.0,4.8,27,2.1,0,2,154.0
4,2,1.2,3.1,44,1.4,0,3,129.0
2,1,1.0,4.2,17,2.0,0,2,97.0
2,1,1.0,3.9,17,1.8,1,1,147.0
2,1,1.0,5.0,13,0.6,0,5,207.0
6,4,3.3,4.3,66,3.8,0,2,368.0
4,2,1.1,3.5,58,0.4,0,1,214.0
4,2,1.8,3.9,58,1.3,0,7,277.0
5,2,1.8,4.4,20,6.2,0,2,396.0
2,2,1.7,5.0,68,2.2,0,1,171.0
3,2,1.5,4.1,32,14.0,0,2,125.0
4,2,1.2,4.4,12,2.6,0,1,222.0
6,3,1.7,3.3,45,2.6,0,2,275.0
8,4,3.8,4.5,61,3.1,0,1,770.0
2,1,1.6,4.3,20,1.4,1,5,125.0
2,1,1.1,5.0,6,7.4,0,1,77.0
3,2,1.0,4.2,35,2.0,1,5,172.0
5,3,2.1,4.7,19,0.7,1,2,606.0
7,3,2.4,4.4,12,0.3,0,7,483.0
4,2,1.7,4.2,73,2.0,0,1,343.0
1,1,1.0,4.5,9,1.8,0,2,93.0
4,2,1.5,4.6,51,0.1,0,2,441.0
3,1,1.0,4.6,11,1.4,0,3,144.0
2,2,1.1,4.5,21,2.0,1,2,223.0
4,3,2.1,4.4,27,3.3,0,1,287.0
5,3,2.4,4.3,19,2.5,0,2,285.0
4,4,2.6,4.0,12,1.2,1,5,339.0
4,2,2.1,4.4,21,2.9,1,2,547.0
1,1,1.0,4.9,17,1.5,0,1,111.0
4,1,1.0,4.6,148,0.8,0,2,204.0
5,2,1.5,3.8,23,2.5,0,1,337.0
3,2,1.4,4.4,24,2.9,0,14,197.0
5,2,1.5,3.9,9,2.1,0,2,241.0
8,4,3.1,4.4,38,5.7,0,30,607.0
2,2,1.7,3.6,72,3.0,1,1,235.0
8,4,2.6,3.8,29,2.6,0,3,878.0
4,2,1.3,4.2,21,1.0,0,30,244.0
7,4,2.6,5.0,35,0.4,0,7,992.0
4,2,1.1,4.4,12,1.9,0,30,239.0
2,1,1.0,3.8,55,1.4,0,2,152.0
3,2,1.4,4.9,37,2.4,0,30,268.0
3,1,1.0,5.0,26,0.1,1,1,230.0
1,1,1.0,5.0,22,5.4,0,2,73.0
2,2,1.0,4.8,46,0.8,0,1,248.0
3,1,1.0,4.9,53,6.2,1,3,116.0
3,2,1.2,4.1,87,10.6,1,2,142.0
5,3,2.3,4.7,26,0.1,1,30,453.0
5,3,2.1,5.0,24,2.5,0,5,420.0
6,3,1.9,3.7,31,0.9,0,1,359.0
2,2,1.9,4.6,45,0.3,0,1,123.0
5,3,2.3,4.7,121,0.2,0,30,212.0
5,3,1.9,4.1,17,0.3,1,1,633.0
