Year,Month,Day,Return_t,Return_day_before
2012,1,3,0.99876143,0.99379948
2012,1,4,1.00334576,0.99876143
2012,1,5,0.99505374,1.00334576
2012,1,6,1.0034361,0.99505374
2012,1,9,1.00085976,1.0034361
2012,1,10,0.99638302,1.00085976
2012,1,11,0.99819477,0.99638302
2012,1,12,0.99687441,0.99819477
2012,1,13,1.00600286,0.99687441
2012,1,16,0.9968655,1.00600286
2012,1,17,0.99819854,0.9968655
2012,1,18,1.00189988,0.99819854
2012,1,19,0.99124294,1.00189988
2012,1,20,1.00113122,0.99124294
2012,1,23,1.00236228,1.00113122
2012,1,24,0.99464286,1.00236228
2012,1,25,0.9995303,0.99464286
2012,1,26,0.99756349,0.9995303
2012,1,27,1.00574929,0.99756349
2012,1,30,0.99680571,1.00574929
2012,1,31,0.99606962,0.99680571
2012,2,1,0.99878493,0.99606962
2012,2,2,1.00046755,0.99878493
2012,2,3,1.0024372,1.00046755
2012,2,6,0.99283388,1.0024372
2012,2,7,0.99953488,0.99283388
2012,2,8,1.00261145,0.99953488
2012,2,9,1.00383859,1.00261145
2012,2,10,0.9959903,1.00383859
2012,2,13,1.00459016,0.9959903
2012,2,14,0.99841003,1.00459016
2012,2,15,0.99803976,0.99841003
2012,2,16,1.00431237,0.99803976
2012,2,17,0.99868926,1.00431237
2012,2,20,1.00527059,0.99868926
2012,2,21,0.99952963,1.00527059
2012,2,22,0.9947595,0.99952963
2012,2,23,1.00037446,0.9947595
2012,2,24,0.99432188,1.00037446
2012,2,27,1.00280034,0.99432188
2012,2,28,1.00875706,1.00280034
2012,2,29,0.99727674,1.00875706
2012,3,1,1.00348662,0.99727674
2012,3,2,1.00037707,1.00348662
2012,3,5,1.00388,1.00037707
2012,3,6,1.00142153,1.00388
2012,3,7,1.00180385,1.00142153
2012,3,8,1.00572902,1.00180385
2012,3,9,1.00402646,1.00572902
2012,3,12,1.00144009,1.00402646
2012,3,13,1.00395181,1.00144009
2012,3,14,0.99425012,1.00395181
2012,3,15,0.99399886,0.99425012
2012,3,16,1.00248281,0.99399886
2012,3,19,1.00837747,1.00248281
2012,3,20,1.00202624,1.00837747
2012,3,21,0.99817009,1.00202624
2012,3,22,0.9948261,0.99817009
2012,3,23,1.00047929,0.9948261
2012,3,26,1.00307692,1.00047929
2012,3,27,1.00327995,1.00307692
2012,3,28,1.00232063,1.00327995
2012,3,29,1.00232603,1.00232063
2012,3,30,1.00019387,1.00232603
2012,4,2,1.00791402,1.00019387
2012,4,3,1.0006844,1.00791402
2012,4,4,1.0002934,1.0006844
2012,4,5,0.99639447,1.0002934
2012,4,6,0.99776373,0.99639447
2012,4,9,0.99922277,0.99776373
2012,4,10,0.99593614,0.99922277
2012,4,11,0.99595259,0.99593614
2012,4,12,1.00115774,0.99595259
2012,4,13,1.00183646,1.00115774
2012,4,16,1.00583317,1.00183646
2012,4,17,1.00224106,1.00583317
2012,4,18,0.99815211,1.00224106
2012,4,19,0.99883427,0.99815211
2012,4,20,1.00684664,0.99883427
2012,4,23,1.00451955,1.00684664
2012,4,24,1.00019654,1.00451955
2012,4,25,0.99520782,1.00019654
2012,4,26,0.99639447,0.99520782
2012,4,27,0.99708511,0.99639447
2012,4,30,1.01090266,0.99708511
2012,5,1,0.99931292,1.01090266
2012,5,2,1.00453559,0.99931292
2012,5,3,1.00078942,1.00453559
2012,5,4,1.00108663,1.00078942
2012,5,7,1.00188044,1.00108663
2012,5,8,1.00317712,1.00188044
2012,5,9,0.99732647,1.00317712
2012,5,10,1.00778365,0.99732647
2012,5,11,1.0031031,1.00778365
2012,5,14,0.99860056,1.0031031
2012,5,15,0.99740778,0.99860056
2012,5,16,0.99523715,0.99740778
2012,5,17,1.00198847,0.99523715
2012,5,18,0.99732276,1.00198847
2012,5,21,1.00779454,0.99732276
2012,5,22,1.00190228,1.00779454
2012,5,23,0.99650803,1.00190228
2012,5,24,0.99830677,0.99650803
2012,5,25,0.9957354,0.99830677
2012,5,28,1.00198748,0.9957354
2012,5,29,1.0070049,1.00198748
2012,5,30,0.99452627,1.0070049
2012,5,31,0.99593617,0.99452627
2012,6,1,0.99831783,0.99593617
2012,6,4,0.99990106,0.99831783
2012,6,5,0.99117387,0.99990106
2012,6,6,1.00295072,0.99117387
2012,6,7,0.99970501,1.00295072
2012,6,8,0.99980338,0.99970501
2012,6,11,0.99559558,0.99980338
2012,6,12,0.99882686,0.99559558
2012,6,13,0.99814598,0.99882686
2012,6,14,0.99582159,0.99814598
2012,6,15,0.99276481,0.99582159
2012,6,18,1,0.99276481
2012,6,19,0.99893996,1
2012,6,20,1.00474438,0.99893996
2012,6,21,1.00242648,1.00474438
2012,6,22,1.00048553,1.00242648
2012,6,25,0.99970877,1.00048553
2012,6,26,0.99738575,0.99970877
2012,6,27,0.99566181,0.99738575
2012,6,28,0.99702038,0.99566181
2012,6,29,0.99846449,0.99702038
2012,7,2,1.00163414,0.99846449
2012,7,3,1,1.00163414
2012,7,4,0.99741131,1
2012,7,5,1.00230636,0.99741131
2012,7,6,1.00067314,1.00230636
2012,7,9,0.9983679,1.00067314
2012,7,10,0.99626973,0.9983679
2012,7,11,1.01219866,0.99626973
2012,7,12,0.99652677,1.01219866
2012,7,13,0.99682631,0.99652677
2012,7,16,0.99645424,0.99682631
2012,7,17,0.9971333,0.99645424
2012,7,18,0.99657176,0.9971333
2012,7,19,0.99971439,0.99657176
2012,7,20,1.00535988,0.99971439
2012,7,23,1.00047879,1.00535988
2012,7,24,0.9980885,1.00047879
2012,7,25,0.99676098,0.9980885
2012,7,26,0.99857306,0.99676098
2012,7,27,0.99961963,0.99857306
2012,7,30,0.99838602,0.99961963
2012,7,31,1.00180711,0.99838602
2012,8,1,0.99781722,1.00180711
2012,8,2,0.99602987,0.99781722
2012,8,3,1.00113561,0.99602987
2012,8,6,1.00475421,1.00113561
2012,8,7,1.00104702,1.00475421
2012,8,8,1.00219403,1.00104702
2012,8,9,1.00047719,1.00219403
2012,8,10,1.00402453,1.00047719
2012,8,13,1.00307574,1.00402453
2012,8,14,1.00154024,1.00307574
2012,8,15,1.00212232,1.00154024
2012,8,16,1.00631007,1.00212232
2012,8,17,0.99815891,1.00631007
2012,8,20,0.99527438,0.99815891
2012,8,21,0.99606148,0.99527438
2012,8,22,1.00356695,0.99606148
2012,8,23,1.00513566,1.00356695
2012,8,24,1.0049664,1.00513566
2012,8,27,1.00165821,1.0049664
2012,8,28,1.00146527,1.00165821
2012,8,29,1.00284091,1.00146527
2012,8,30,1.00255353,1.00284091
2012,8,31,1.00821864,1.00255353
2012,9,3,1.00218319,1.00821864
2012,9,4,0.99841474,1.00218319
2012,9,5,0.99910909,0.99841474
2012,9,6,0.99458502,0.99910909
2012,9,7,1.00564356,0.99458502
2012,9,10,0.99507389,1.00564356
2012,9,11,0.99383139,0.99507389
2012,9,12,1.00029383,0.99383139
2012,9,13,0.99648643,1.00029383
2012,9,14,1.00362425,0.99648643
2012,9,17,1.00245483,1.00362425
2012,9,18,0.99755118,1.00245483
2012,9,19,1.00166797,0.99755118
2012,9,20,0.99853042,1.00166797
2012,9,21,1.00088253,0.99853042
2012,9,24,1.00127639,1.00088253
2012,9,25,0.99686797,1.00127639
2012,9,26,0.9980463,0.99686797
2012,9,27,1.00303743,0.9980463
2012,9,28,1.00304668,1.00303743
2012,10,1,1.00742574,1.00304668
2012,10,2,1.00148736,1.00742574
2012,10,3,1.00478231,1.00148736
2012,10,4,1.00712422,1.00478231
2012,10,5,1.00140675,1.00712422
2012,10,8,0.99719439,1.00140675
2012,10,9,0.99362804,0.99719439
2012,10,10,1.00029878,0.99362804
2012,10,11,1.00149611,1.00029878
2012,10,12,0.99751269,1.00149611
2012,10,15,0.99180975,0.99751269
2012,10,16,0.99842365,0.99180975
2012,10,17,0.99412341,0.99842365
2012,10,18,0.99522371,0.99412341
2012,10,19,1.00234489,0.99522371
2012,10,22,1.00510655,1.00234489
2012,10,23,0.99008264,1.00510655
2012,10,24,0.99951409,0.99008264
2012,10,25,0.99545323,0.99951409
2012,10,26,0.99980656,0.99545323
2012,10,29,0.99864773,0.99980656
2012,10,30,0.99787952,0.99864773
2012,10,31,1.00115797,0.99787952
2012,11,1,1.0069964,1.00115797
2012,11,2,0.99680356,1.0069964
2012,11,5,0.99758431,0.99680356
2012,11,6,0.9976863,0.99758431
2012,11,7,0.99682875,0.9976863
2012,11,8,1.00067314,0.99682875
2012,11,9,0.99779313,1.00067314
2012,11,12,0.99693897,0.99779313
2012,11,13,1.00403381,0.99693897
2012,11,14,1.00706064,1.00403381
2012,11,15,0.99913027,1.00706064
2012,11,16,0.99778228,0.99913027
2012,11,19,1.00183539,0.99778228
2012,11,20,1.00232378,1.00183539
2012,11,21,0.99719996,1.00232378
2012,11,22,0.99768808,0.99719996
2012,11,23,0.99903763,0.99768808
2012,11,26,1.00067411,0.99903763
2012,11,27,0.99951872,1.00067411
2012,11,28,1.00367114,0.99951872
2012,11,29,0.9986493,1.00367114
2012,11,30,0.99980708,0.9986493
2012,12,3,0.99769031,0.99980708
2012,12,4,1.00231504,0.99769031
2012,12,5,0.9975943,1.00231504
2012,12,6,1.00289519,0.9975943
2012,12,7,1.00193386,1.00289519
2012,12,10,0.99653112,1.00193386
2012,12,11,0.99913353,0.99653112
2012,12,12,1.00221922,0.99913353
2012,12,13,0.99548554,1.00221922
2012,12,14,1.00376012,0.99548554
2012,12,17,0.99922929,1.00376012
2012,12,18,1.00202722,0.99922929
2012,12,19,1.00086957,1.00202722
2012,12,20,1.00232423,1.00086957
2012,12,21,1.00467017,1.00232423
2012,12,24,0.9965096,1.00467017
2012,12,26,0.99903138,0.9965096
2012,12,27,0.99874238,0.99903138
2012,12,28,0.9994199,0.99874238
2012,12,31,1.00009669,0.9994199
2013,1,2,1.0005805,1.00009669
2013,1,3,0.99941984,1.0005805
2013,1,4,0.999034,0.99941984
2013,1,7,0.9992278,0.999034
2013,1,8,0.99807322,0.9992278
2013,1,9,0.99654378,0.99807322
2013,1,10,1.00424219,0.99654378
2013,1,11,0.99836365,1.00424219
2013,1,14,0.9994228,0.99836365
2013,1,15,0.99760077,0.9994228
2013,1,16,1.00269438,0.99760077
2013,1,17,0.99750432,1.00269438
2013,1,18,0.99808392,0.99750432
2013,1,21,0.99637266,0.99808392
2013,1,22,0.99373933,0.99637266
2013,1,23,1.00630011,0.99373933
2013,1,24,0.99952295,1.00630011
2013,1,25,1.00028631,0.99952295
2013,1,28,0.99980916,1.00028631
2013,1,29,1.00517936,0.99980916
2013,1,30,1.0030787,1.00517936
2013,1,31,1.00260442,1.0030787
2013,2,1,0.9947227,1.00260442
2013,2,4,1.00802786,0.9947227
2013,2,5,1.00652259,1.00802786
2013,2,6,1.00146242,1.00652259
2013,2,7,0.99235681,1.00146242
2013,2,8,1.00339773,0.99235681
2013,2,11,0.99777218,1.00339773
2013,2,12,0.99403043,0.99777218
2013,2,13,1.00192938,0.99403043
2013,2,14,1,1.00192938
2013,2,15,0.99548641,1
2013,2,18,0.99446089,0.99548641
2013,2,19,1.00450883,0.99446089
2013,2,20,0.99913735,1.00450883
2013,2,21,0.99003606,0.99913735
2013,2,22,1.00142545,0.99003606
2013,2,25,1.00276348,1.00142545
2013,2,26,1.00257954,1.00276348
2013,2,27,0.99448931,1.00257954
2013,2,28,1.00506112,0.99448931
2013,3,1,1.00019102,1.00506112
2013,3,4,0.99411318,1.00019102
2013,3,5,0.99734848,0.99411318
2013,3,6,0.99933756,0.99734848
2013,3,7,1.00418132,0.99933756
2013,3,8,0.9983871,1.00418132
2013,3,11,0.99556059,0.9983871
2013,3,12,1.00037796,0.99556059
2013,3,13,0.99717328,1.00037796
2013,3,14,1.00047134,0.99717328
2013,3,15,0.99858797,1.00047134
2013,3,18,0.99755846,0.99858797
2013,3,19,1.00046975,0.99755846
2013,3,20,0.99551066,1.00046975
2013,3,21,1.00093615,0.99551066
2013,3,22,1.0003746,1.00093615
2013,3,25,1.00253497,1.0003746
2013,3,26,1.00358051,1.00253497
2013,3,27,1.00321391,1.00358051
2013,3,28,0.99905562,1.00321391
2013,3,29,0.99952803,0.99905562
2013,4,1,0.99933968,0.99952803
2013,4,2,0.99905758,0.99933968
2013,4,3,1.00425894,0.99905758
2013,4,4,1.00056818,1.00425894
2013,4,5,0.9978267,1.00056818
2013,4,8,0.99305621,0.9978267
2013,4,9,0.99681975,0.99305621
2013,4,10,1.00366128,0.99681975
2013,4,11,1.00084563,1.00366128
2013,4,12,1.00652544,1.00084563
2013,4,15,0.99688885,1.00652544
2013,4,16,1.00378537,0.99688885
2013,4,17,0.99990537,1.00378537
2013,4,18,1.00189609,0.99990537
2013,4,19,1.00132903,1.00189609
2013,4,22,1.0013308,1.00132903
2013,4,23,0.99838664,1.0013308
2013,4,24,1.00409758,0.99838664
2013,4,25,1.0052687,1.00409758
2013,4,26,0.9977062,1.0052687
2013,4,29,1.00191516,0.9977062
2013,4,30,1.00801158,1.00191516
2013,5,1,1.00086948,1.00801158
2013,5,2,0.99557565,1.00086948
2013,5,3,1.00746124,0.99557565
2013,5,6,1.00929095,1.00746124
2013,5,7,1.00254927,1.00929095
2013,5,8,1.00403623,1.00254927
2013,5,9,1.00365577,1.00403623
2013,5,10,1.00666401,1.00365577
2013,5,13,0.9989071,1.00666401
2013,5,14,1.0013929,0.9989071
2013,5,15,1.0055022,1.0013929
2013,5,16,0.99979996,1.0055022
2013,5,17,0.9956184,0.99979996
2013,5,20,0.99821074,0.9956184
2013,5,21,1.00079586,0.99821074
2013,5,22,1.00109551,1.00079586
2013,5,23,1.00924716,1.00109551
2013,5,24,0.99899588,1.00924716
2013,5,27,0.9963982,0.99899588
2013,5,28,1.00250752,0.9963982
2013,5,29,1.0022115,1.00250752
2013,5,30,1.0025194,1.0022115
2013,5,31,0.98854353,1.0025194
2013,6,3,1.00621492,0.98854353
2013,6,4,1.01104692,1.00621492
2013,6,5,1.00213285,1.01104692
2013,6,6,1.01735896,1.00213285
2013,6,7,1.00362958,1.01735896
2013,6,10,1.00426994,1.00362958
2013,6,11,0.99183969,1.00426994
2013,6,12,0.98916931,0.99183969
2013,6,13,1.00596156,0.98916931
2013,6,14,1.00072002,1.00596156
2013,6,17,1.00402768,1.00072002
2013,6,18,1.01456412,1.00402768
2013,6,19,0.99926709,1.01456412
2013,6,20,0.99138468,0.99926709
2013,6,21,0.99237742,0.99138468
2013,6,24,0.99732895,0.99237742
2013,6,25,1.00216205,0.99732895
2013,6,26,0.99979413,1.00216205
2013,6,27,1.01071577,0.99979413
2013,6,28,0.99154116,1.01071577
2013,7,1,1.00560166,0.99154116
2013,7,2,1.01016452,1.00560166
2013,7,3,0.9930281,1.01016452
2013,7,4,1.00302682,0.9930281
2013,7,5,0.99387967,1.00302682
2013,7,8,0.998343,0.99387967
2013,7,9,1.00646237,0.998343
2013,7,10,1.00766726,1.00646237
2013,7,11,1.01308789,1.00766726
2013,7,12,0.99103659,1.01308789
2013,7,15,0.98863636,0.99103659
2013,7,16,0.99823083,0.98863636
2013,7,17,1.00998528,0.99823083
2013,7,18,1.00084157,1.00998528
2013,7,19,0.99476769,1.00084157
2013,7,22,0.99958159,0.99476769
2013,7,23,1.01196147,0.99958159
2013,7,24,0.99421174,1.01196147
2013,7,25,0.9989487,0.99421174
2013,7,26,1.00688049,0.9989487
2013,7,29,1.01188946,1.00688049
2013,7,30,1.01159389,1.01188946
2013,7,31,0.99967504,1.01159389
2013,8,1,0.99837785,0.99967504
2013,8,2,0.99989187,0.99837785
2013,8,5,0.99227468,0.99989187
2013,8,6,0.99381531,0.99227468
2013,8,7,0.99776572,0.99381531
2013,8,8,0.99334179,0.99776572
2013,8,9,1.00392573,0.99334179
2013,8,12,1.00021225,1.00392573
2013,8,13,0.99915173,1.00021225
2013,8,14,1.00138034,0.99915173
2013,8,15,0.99251765,1.00138034
2013,8,16,1.00732484,0.99251765
2013,8,19,0.99968163,1.00732484
2013,8,20,1.00340752,0.99968163
2013,8,21,0.99176259,1.00340752
2013,8,22,1.0007398,0.99176259
2013,8,23,0.99820656,1.0007398
2013,8,26,1.00765387,0.99820656
2013,8,27,1.00362744,1.00765387
2013,8,28,0.99680953,1.00362744
2013,8,29,1.00341479,0.99680953
2013,8,30,0.99017329,1.00341479
2013,9,2,0.99161777,0.99017329
2013,9,3,0.99168745,0.99161777
2013,9,4,1.0045929,0.99168745
2013,9,5,1.00261643,1.0045929
2013,9,6,0.99874569,1.00261643
2013,9,9,0.9929424,0.99874569
2013,9,10,1.00124701,0.9929424
2013,9,11,1.00574833,1.00124701
2013,9,12,1.00020907,1.00574833
2013,9,13,0.99469689,1.00020907
2013,9,16,0.99875376,0.99469689
2013,9,17,0.98992495,0.99875376
2013,9,18,1.00444031,0.98992495
2013,9,19,1.00082679,1.00444031
2013,9,20,0.99793729,1.00082679
2013,9,23,1.00268873,0.99793729
2013,9,24,1.00124249,1.00268873
2013,9,25,1.00062163,1.00124249
2013,9,26,1.00583576,1.00062163
2013,9,27,0.99947922,1.00583576
2013,9,30,0.98999794,0.99947922
2013,10,1,1,0.98999794
2013,10,2,0.9993817,1
2013,10,3,0.99958797,0.9993817
2013,10,4,0.99876543,0.99958797
2013,10,7,0.995086,0.99876543
2013,10,8,0.99531282,0.995086
2013,10,9,0.99888041,0.99531282
2013,10,10,1.00326764,0.99888041
2013,10,11,0.99714897,1.00326764
2013,10,14,0.99322411,0.99714897
2013,10,15,1.00283976,0.99322411
2013,10,16,0.99475383,1.00283976
2013,10,17,0.9961809,0.99475383
2013,10,18,1.00060338,0.9961809
2013,10,21,0.99619315,1.00060338
2013,10,22,0.99909919,0.99619315
2013,10,23,0.99650908,0.99909919
2013,10,24,1.00179856,0.99650908
2013,10,25,1.00130065,1.00179856
2013,10,28,1.00766206,1.00130065
2013,10,29,0.99889225,1.00766206
2013,10,30,1.00618097,0.99889225
2013,10,31,1.00386532,1.00618097
2013,11,1,0.99192816,1.00386532
2013,11,4,0.99738352,0.99192816
2013,11,5,1.00151179,0.99738352
2013,11,6,1.00333704,1.00151179
2013,11,7,1.00589971,1.00333704
2013,11,8,1.00316327,1.00589971
2013,11,11,1.00420125,1.00316327
2013,11,12,0.99764874,1.00420125
2013,11,13,1.00369382,0.99764874
2013,11,14,0.99713526,1.00369382
2013,11,15,0.99979542,0.99713526
2013,11,18,0.99017523,0.99979542
2013,11,19,1.01230391,0.99017523
2013,11,20,1.00453188,1.01230391
2013,11,21,1.00768033,1.00453188
2013,11,22,0.99782519,1.00768033
2013,11,25,1.00395093,0.99782519
2013,11,26,1.00020799,1.00395093
2013,11,27,0.99906494,1.00020799
2013,11,28,0.99606747,0.99906494
2013,11,29,0.99731654,0.99606747
2013,12,2,0.99619576,0.99731654
2013,12,3,1.00860728,0.99619576
2013,12,4,0.99906755,1.00860728
2013,12,5,0.99803536,0.99906755
2013,12,6,0.99917347,0.99803536
2013,12,9,0.99793793,0.99917347
2013,12,10,1.01242171,0.99793793
2013,12,11,1.00778456,1.01242171
2013,12,12,1.0023197,1.00778456
2013,12,13,1.00063304,1.0023197
2013,12,16,1.0045575,1.00063304
2013,12,17,0.99525316,1.0045575
2013,12,18,1.00296234,0.99525316
2013,12,19,0.99736203,1.00296234
2013,12,20,1.00052787,0.99736203
2013,12,23,1.00010559,1.00052787
2013,12,24,0.99915603,1.00010559
2013,12,25,1.00109837,0.99915603
2013,12,26,0.99775551,1.00109837
2013,12,27,1.00130836,0.99775551
2013,12,29,0.9998734,1.00130836
2013,12,30,0.99832536,0.9998734
2013,12,31,1.00305313,0.99832536
2014,1,1,0.99585486,1.00305313
2014,1,2,0.99958986,0.99585486
2014,1,3,0.99791162,0.99958986
2014,1,5,0.99764432,0.99791162
2014,1,6,0.99427465,0.99764432
2014,1,7,0.99768401,0.99427465
2014,1,8,0.99819616,0.99768401
2014,1,9,0.9849492,0.99819616
2014,1,10,0.99674317,0.9849492
2014,1,12,0.99942021,0.99674317
2014,1,13,1.00206913,0.99942021
2014,1,14,1.00674178,1.00206913
2014,1,15,1.01103872,1.00674178
2014,1,16,1.00190219,1.01103872
2014,1,17,1.00009356,1.00190219
2014,1,19,0.99770787,1.00009356
2014,1,20,0.99868454,0.99770787
2014,1,21,0.98404835,0.99868454
2014,1,22,1.00813835,0.98404835
2014,1,23,1.01166381,1.00813835
2014,1,24,1.00028076,1.01166381
2014,1,26,0.99045265,1.00028076
2014,1,27,0.99205092,0.99045265
2014,1,28,1.002941,0.99205092
2014,1,29,0.99474017,1.002941
2014,1,30,1.00751772,0.99474017
2014,1,31,1.00009244,1.00751772
2014,2,2,1.00104875,1.00009244
2014,2,3,0.98367603,1.00104875
2014,2,4,1.00157013,0.98367603
2014,2,5,0.99567309,1.00157013
2014,2,6,1.0036442,0.99567309
2014,2,7,1.00078006,1.0036442
2014,2,9,0.99799814,1.00078006
2014,2,10,0.99443003,0.99799814
2014,2,11,1.00179284,0.99443003
2014,2,12,1.00757068,1.00179284
2014,2,13,0.99390773,1.00757068
2014,2,14,0.99762523,0.99390773
2014,2,16,1.00380804,0.99762523
2014,2,17,1.00198371,1.00380804
2014,2,18,0.99120202,1.00198371
2014,2,19,0.9974983,0.99120202
2014,2,20,1.00242753,0.9974983
2014,2,21,0.99945861,1.00242753
2014,2,23,0.99831852,0.99945861
2014,2,24,0.99966982,0.99831852
2014,2,25,1.00176408,0.99966982
2014,2,26,1.0009029,1.00176408
2014,2,27,1.0101134,1.0009029
2014,2,28,1.00212243,1.0101134
2014,3,2,0.99506871,1.00212243
2014,3,3,0.99713837,0.99506871
2014,3,4,1.00181701,0.99713837
2014,3,5,0.99229714,1.00181701
2014,3,6,0.99319518,0.99229714
2014,3,7,1.0011454,0.99319518
2014,3,9,1.00204597,1.0011454
2014,3,10,1.00538832,1.00204597
2014,3,11,0.99689907,1.00538832
2014,3,12,0.99949011,0.99689907
2014,3,13,0.99783515,0.99949011
2014,3,14,1.00066886,0.99783515
2014,3,16,0.99696445,1.00066886
2014,3,17,0.98867427,0.99696445
2014,3,18,1.00111315,0.98867427
2014,3,19,0.99985226,1.00111315
2014,3,20,0.99688746,0.99985226
2014,3,21,0.99789342,0.99688746
2014,3,23,0.99928525,0.99789342
2014,3,24,0.99872878,0.99928525
2014,3,25,0.99922809,0.99872878
2014,3,26,1.00200709,0.99922809
2014,3,27,0.99890465,1.00200709
2014,3,28,1.00005868,0.99890465
2014,3,30,0.999101,1.00005868
2014,3,31,1.00417031,0.999101
2014,4,1,0.99908827,1.00417031
2014,4,2,1.00151203,0.99908827
2014,4,3,0.99855878,1.00151203
2014,4,4,0.99980395,0.99855878
2014,4,6,1.00303811,0.99980395
2014,4,7,0.9950496,1.00303811
2014,4,8,1.00080288,0.9950496
2014,4,9,0.99241107,1.00080288
2014,4,10,0.99802166,0.99241107
2014,4,11,1.00197252,0.99802166
2014,4,13,0.99650448,1.00197252
2014,4,14,1.00522689,0.99650448
2014,4,15,0.99588996,1.00522689
2014,4,16,1.00537959,0.99588996
2014,4,17,0.99799642,1.00537959
2014,4,18,0.99924194,0.99799642
2014,4,20,1.00221103,0.99924194
2014,4,21,0.99442093,1.00221103
2014,4,22,1.00749451,0.99442093
2014,4,23,1.00386951,1.00749451
2014,4,24,0.99777144,1.00386951
2014,4,25,1.00071404,0.99777144
2014,4,27,1.0015871,1.00071404
2014,4,28,1.00667679,1.0015871
2014,4,29,0.99622716,1.00667679
2014,4,30,1.00197876,0.99622716
2014,5,1,0.99828998,1.00197876
2014,5,2,0.99895935,0.99828998
2014,5,4,1.0028947,0.99895935
2014,5,5,0.99740742,1.0028947
2014,5,6,1.00191865,0.99740742
2014,5,7,1.00122155,1.00191865
2014,5,8,0.99549863,1.00122155
2014,5,9,1.00007846,0.99549863
2014,5,11,0.99993135,1.00007846
2014,5,12,0.99944131,0.99993135
2014,5,13,0.99934373,0.99944131
2014,5,14,1.00265169,0.99934373
2014,5,15,1.00205682,1.00265169
2014,5,16,0.99885972,1.00205682
2014,5,18,1.00300718,0.99885972
2014,5,19,1.00633024,1.00300718
2014,5,20,0.99861285,1.00633024
2014,5,21,1.00470867,0.99861285
2014,5,22,1.00220488,1.00470867
2014,5,23,0.99838636,1.00220488
2014,5,25,1.00123666,0.99838636
2014,5,26,0.99766181,1.00123666
2014,5,27,1.00086638,0.99766181
2014,5,28,0.99586453,1.00086638
2014,5,29,0.99902906,0.99586453
2014,5,30,1.00027749,0.99902906
2014,6,1,1.00153846,1.00027749
2014,6,2,0.99714959,1.00153846
2014,6,3,0.9957524,0.99714959
2014,6,4,0.9946576,0.9957524
2014,6,5,1.00007843,0.9946576
2014,6,6,0.99978437,1.00007843
2014,6,8,1.00041182,0.99978437
2014,6,9,0.99824793,1.00041182
2014,6,10,1.00232517,0.99824793
2014,6,11,0.99620783,1.00232517
2014,6,12,1.00292105,0.99620783
2014,6,13,1.00005882,1.00292105
2014,6,15,1.00089285,1.00005882
2014,6,16,1.00538594,1.00089285
2014,6,17,0.99465267,1.00538594
2014,6,18,1.00270549,0.99465267
2014,6,19,1.00669512,1.00270549
2014,6,20,1.00076319,1.00669512
2014,6,22,0.99813021,1.00076319
2014,6,23,1.00457161,0.99813021
2014,6,24,0.99812519,1.00457161
2014,6,25,1.00205759,0.99812519
2014,6,26,1.00121416,1.00205759
2014,6,27,1.0007071,1.00121416
2014,6,29,0.99788319,1.0007071
2014,6,30,0.99682989,0.99788319
2014,7,1,1.0026222,0.99682989
2014,7,2,1.01326476,1.0026222
2014,7,3,0.99656981,1.01326476
2014,7,4,1.00053186,0.99656981
2014,7,6,0.99542494,1.00053186
2014,7,7,0.99774752,0.99542494
2014,7,8,1.00096771,0.99774752
2014,7,9,1.00213951,1.00096771
2014,7,10,0.99240981,1.00213951
2014,7,11,1.00123182,0.99240981
2014,7,13,1.00072571,1.00123182
2014,7,14,0.9980553,1.00072571
2014,7,15,1.00178914,0.9980553
2014,7,16,0.99989068,1.00178914
2014,7,17,0.99839254,0.99989068
2014,7,18,0.9988503,0.99839254
2014,7,20,1.00264335,0.9988503
2014,7,21,0.9979076,1.00264335
2014,7,22,0.99431067,0.9979076
2014,7,23,1.00240178,0.99431067
2014,7,24,0.99613067,1.00240178
2014,7,25,0.99956698,0.99613067
2014,7,27,1.0006401,0.99956698
2014,7,28,0.99752453,1.0006401
2014,7,29,1.00100298,0.99752453
2014,7,30,1.00338418,1.00100298
2014,7,31,0.99724502,1.00338418
2014,8,1,1.00000984,0.99724502
2014,8,3,0.99868327,1.00000984
2014,8,4,0.99809731,0.99868327
2014,8,5,0.99880489,0.99809731
2014,8,6,1.00800814,0.99880489
2014,8,7,0.99534134,1.00800814
2014,8,8,1.00023594,0.99534134
2014,8,10,1.00587374,1.00023594
2014,8,11,0.99901213,1.00587374
2014,8,12,0.99713354,0.99901213
2014,8,13,0.99952741,0.99713354
2014,8,14,1.00093622,0.99952741
2014,8,15,1,1.00093622
2014,8,17,0.99982264,1
2014,8,18,0.9973859,0.99982264
2014,8,19,0.99903784,0.9973859
2014,8,20,1.00095325,0.99903784
2014,8,21,0.99883191,1.00095325
2014,8,22,0.99936238,0.99883191
2014,8,24,0.99852094,0.99936238
2014,8,25,1.00195303,0.99852094
2014,8,26,1.00468359,1.00195303
2014,8,27,0.99828727,1.00468359
2014,8,28,1.00063037,0.99828727
2014,8,29,1.00076885,1.00063037
2014,8,31,1.00032539,1.00076885
2014,9,1,1.00090797,1.00032539
2014,9,2,0.99595034,1.00090797
2014,9,3,1.00100359,0.99595034
2014,9,4,0.99633366,1.00100359
2014,9,5,1.00036284,0.99633366
2014,9,7,1.00154201,1.00036284
2014,9,8,1.00748078,1.00154201
2014,9,9,1.00958042,1.00748078
2014,9,10,0.99716093,1.00958042
2014,9,11,1.00183631,0.99716093
2014,9,12,1.00328417,1.00183631
2014,9,14,1.00103237,1.00328417
2014,9,15,1.00041111,1.00103237
2014,9,16,1.01243604,1.00041111
2014,9,17,1.00222821,1.01243604
2014,9,18,1.00488718,1.00222821
2014,9,19,0.99941756,1.00488718
2014,9,21,0.99902001,0.99941756
2014,9,22,1.00057199,0.99902001
2014,9,23,0.99683348,1.00057199
2014,9,24,1.00621875,0.99683348
2014,9,25,0.99895609,1.00621875
2014,9,26,1.00062469,0.99895609
2014,9,28,1.00356622,1.00062469
2014,9,29,0.99381052,1.00356622
2014,9,30,1.00401985,0.99381052
2014,10,1,0.99315599,1.00401985
2014,10,2,1.00694281,0.99315599
2014,10,3,1.00054382,1.00694281
2014,10,5,0.99936423,1.00054382
2014,10,6,0.99002061,0.99936423
2014,10,7,1.00342274,0.99002061
2014,10,8,0.99957234,1.00342274
2014,10,9,1.01020398,0.99957234
2014,10,10,1.00331283,1.01020398
2014,10,12,0.98674107,1.00331283
2014,10,13,0.99786603,0.98674107
2014,10,14,0.99065797,0.99786603
2014,10,15,1.00790406,0.99065797
2014,10,16,0.99959431,1.00790406
2014,10,17,0.99838997,0.99959431
2014,10,19,0.99667962,0.99838997
2014,10,20,1.00618425,0.99667962
2014,10,21,0.99898555,1.00618425
2014,10,22,1.00211451,0.99898555
2014,10,23,0.99604087,1.00211451
2014,10,24,0.99837242,0.99604087
2014,10,26,0.99930295,0.99837242
2014,10,27,1.00162909,0.99930295
2014,10,28,1.0052486,1.00162909
2014,10,29,0.99461778,1.0052486
2014,10,30,0.99892875,0.99461778
2014,10,31,1.00182242,0.99892875
2014,11,2,1.00252738,1.00182242
2014,11,3,0.98877949,1.00252738
2014,11,4,1.01914757,0.98877949
2014,11,5,1.00025578,1.01914757
2014,11,6,0.99984656,1.00025578
2014,11,7,0.99858013,0.99984656
2014,11,9,0.99828683,0.99858013
2014,11,10,0.99651448,0.99828683
2014,11,11,0.99793127,0.99651448
2014,11,12,0.99520618,0.99793127
2014,11,13,1.00394136,0.99520618
2014,11,14,0.99915975,1.00394136
2014,11,16,1.00367819,0.99915975
2014,11,17,1.00009146,1.00367819
2014,11,18,1.00727753,1.00009146
2014,11,19,1.00357473,1.00727753
2014,11,20,1.00060643,1.00357473
2014,11,21,0.99819426,1.00060643
2014,11,23,1.00349024,0.99819426
2014,11,24,1.01178162,1.00349024
2014,11,25,0.99912574,1.01178162
2014,11,26,0.99290055,0.99912574
2014,11,27,0.99761853,0.99290055
2014,11,28,1.00362135,0.99761853
2014,11,30,1.00553492,1.00362135
2014,12,1,0.99822408,1.00553492
2014,12,2,1.00866322,0.99822408
2014,12,3,1.00093319,1.00866322
2014,12,4,1.00383126,1.00093319
2014,12,5,0.99937939,1.00383126
2014,12,7,0.9991697,0.99937939
2014,12,8,1.00304669,0.9991697
2014,12,9,0.99369363,1.00304669
2014,12,10,1.00300505,0.99369363
2014,12,11,0.99766238,1.00300505
2014,12,12,1.00508887,0.99766238
2014,12,14,0.99084456,1.00508887
2014,12,15,1.00340439,0.99084456
2014,12,16,1.01224685,1.00340439
2014,12,17,0.99846488,1.01224685
2014,12,18,1.00219633,0.99846488
2014,12,19,0.99655296,1.00219633
2014,12,21,1.00089958,0.99655296
2014,12,22,1.00415524,1.00089958
2014,12,23,0.99864156,1.00415524
2014,12,24,1.00009552,0.99864156
2014,12,25,0.99868562,1.00009552
2014,12,26,0.99984103,0.99868562
2014,12,28,0.9975789,0.99984103
2014,12,29,0.99587268,0.9975789
2014,12,30,1.0016769,0.99587268
2014,12,31,0.99802118,1.0016769
2015,1,1,0.99696731,0.99802118
2015,1,2,1.00183978,0.99696731
2015,1,4,1.0009892,1.00183978
2015,1,5,0.99386067,1.0009892
2015,1,6,1.0022327,0.99386067
2015,1,7,0.9933568,1.0022327
2015,1,8,0.98747635,0.9933568
2015,1,9,0.99890102,0.98747635
2015,1,11,0.99724476,0.99890102
2015,1,12,1.00022539,0.99724476
2015,1,13,1.00275318,1.00022539
2015,1,14,0.99155555,1.00275318
2015,1,15,0.9973079,0.99155555
2015,1,16,0.99995937,0.9973079
2015,1,18,1.00469484,0.99995937
2015,1,19,0.9903472,1.00469484
2015,1,20,0.99207822,0.9903472
2015,1,21,1.00395643,0.99207822
2015,1,22,1.0120531,1.00395643
2015,1,23,1.00041791,1.0120531
2015,1,25,0.99284522,1.00041791
2015,1,26,1.00458501,0.99284522
2015,1,27,0.99518414,1.00458501
2015,1,28,1.00980793,0.99518414
2015,1,29,0.992084,1.00980793
2015,1,30,0.99953397,0.992084
2015,2,1,1.00724512,0.99953397
2015,2,2,1.01358032,1.00724512
2015,2,3,0.99230248,1.01358032
2015,2,4,1.00524111,0.99230248
2015,2,5,0.99440859,1.00524111
2015,2,6,1.0034591,0.99440859
2015,2,8,0.9994958,1.0034591
2015,2,9,0.99417921,0.9994958
2015,2,10,1.00338729,0.99417921
2015,2,11,1.00744548,1.00338729
2015,2,12,1.00236331,1.00744548
2015,2,13,0.99788992,1.00236331
2015,2,15,0.99839932,0.99788992
2015,2,16,1.00017559,0.99839932
2015,2,17,0.99562946,1.00017559
2015,2,18,0.99908559,0.99562946
2015,2,19,0.9914233,0.99908559
2015,2,20,0.99868772,0.9914233
2015,2,22,1.00260079,0.99868772
2015,2,23,1.0031102,1.00260079
2015,2,24,0.99695029,1.0031102
2015,2,25,1.0046831,0.99695029
2015,2,26,0.999406,1.0046831
2015,2,27,1.00243312,0.999406
2015,3,1,1.0010997,1.00243312
2015,3,2,0.99659944,1.0010997
2015,3,3,1.00539611,0.99659944
2015,3,4,0.9996397,1.00539611
2015,3,5,0.99809919,0.9996397
2015,3,6,1.00031862,0.99809919
2015,3,8,1.00228692,1.00031862
2015,3,9,1.00387801,1.00228692
2015,3,10,1.00004137,1.00387801
2015,3,11,0.9894906,1.00004137
2015,3,12,1.00162972,0.9894906
2015,3,13,0.99986677,1.00162972
2015,3,15,0.99962095,0.99986677
2015,3,16,1.00181658,0.99962095
2015,3,17,0.99995895,1.00181658
2015,3,18,1.00237632,0.99995895
2015,3,19,0.99764979,1.00237632
2015,3,20,0.99519958,0.99764979
2015,3,22,0.99339482,0.99519958
2015,3,23,1.00151407,0.99339482
2015,3,24,1.00253665,1.00151407
2015,3,25,1.00465683,1.00253665
2015,3,26,1.00065546,1.00465683
2015,3,27,1.00134344,1.00065546
2015,3,29,1.00564127,1.00134344
2015,3,30,1.00525623,1.00564127
2015,3,31,1.00611238,1.00525623
2015,4,1,1.0058755,1.00611238
2015,4,2,1.00199746,1.0058755
2015,4,3,0.9987715,1.00199746
2015,4,5,1.00581917,0.9987715
2015,4,6,0.99231817,1.00581917
2015,4,7,0.99009079,0.99231817
2015,4,8,0.99645361,0.99009079
2015,4,9,1.00289302,0.99645361
2015,4,10,1.0004357,1.00289302
2015,4,12,1.00874834,1.0004357
2015,4,13,1.00419285,1.00874834
2015,4,14,1.00859556,1.00419285
2015,4,15,0.99246847,1.00859556
2015,4,16,0.99870785,0.99246847
2015,4,17,0.99846857,0.99870785
2015,4,19,1.00955164,0.99846857
2015,4,20,0.99729644,1.00955164
2015,4,21,0.99860792,0.99729644
2015,4,22,1.00398111,0.99860792
2015,4,23,0.99205899,1.00398111
2015,4,24,0.99909747,0.99205899
2015,4,26,1.00371833,0.99909747
2015,4,27,0.98415973,1.00371833
2015,4,28,1.00283813,0.98415973
2015,4,29,1.00862982,1.00283813
2015,4,30,0.99965409,1.00862982
2015,5,1,1.00181671,0.99965409
2015,5,3,1.00508734,1.00181671
2015,5,4,0.98859534,1.00508734
2015,5,5,0.99922846,0.98859534
2015,5,6,1.00115865,0.99922846
2015,5,7,0.99983302,1.00115865
2015,5,8,1.00037586,0.99983302
2015,5,10,1.00323655,1.00037586
2015,5,11,0.99617066,1.00323655
2015,5,12,0.98821431,0.99617066
2015,5,13,1.00226326,0.98821431
2015,5,14,1.00216459,1.00226326
2015,5,15,0.99972044,1.00216459
2015,5,17,0.99442969,0.99972044
2015,5,18,1.00352342,0.99442969
2015,5,19,1.00697111,1.00352342
2015,5,20,0.9983484,1.00697111
2015,5,21,1.00122722,0.9983484
2015,5,22,1.0005411,1.00122722
2015,5,24,0.99797497,1.0005411
2015,5,25,1.00151848,0.99797497
2015,5,26,0.99957376,1.00151848
2015,5,27,1.01161054,0.99957376
2015,5,28,1.00010518,1.01161054
2015,5,29,0.99928529,1.00010518
2015,5,31,0.99938027,0.99928529
2015,6,1,0.98810574,0.99938027
2015,6,2,0.99399573,0.98810574
2015,6,3,1.0088677,0.99399573
2015,6,4,1.01523717,1.0088677
2015,6,5,0.99763865,1.01523717
2015,6,7,0.99268522,0.99763865
2015,6,8,1.00760236,0.99268522
2015,6,9,0.9978746,1.00760236
2015,6,10,0.99734506,0.9978746
2015,6,11,1.00176608,0.99734506
2015,6,12,0.99973726,1.00176608
2015,6,14,0.99442958,0.99973726
2015,6,15,1.00454588,0.99442958
2015,6,16,1.00575465,1.00454588
2015,6,17,0.99391306,1.00575465
2015,6,18,0.9995699,0.99391306
2015,6,19,1.00050378,0.9995699
2015,6,21,1.00194544,1.00050378
2015,6,22,0.99755578,1.00194544
2015,6,23,0.99969588,0.99755578
2015,6,24,1.00015733,0.99969588
2015,6,25,1.01170441,1.00015733
2015,6,26,1.00219074,1.01170441
2015,6,28,0.9876066,1.00219074
2015,6,29,0.98913337,0.9876066
2015,6,30,1.00051971,0.98913337
2015,7,1,1.0055289,1.00051971
2015,7,2,1.0133555,1.0055289
2015,7,3,1.00103902,1.0133555
2015,7,5,0.99449611,1.00103902
2015,7,6,1.00214499,0.99449611
2015,7,7,0.99969367,1.00214499
2015,7,8,1.00070824,0.99969367
2015,7,9,1.00358571,1.00070824
2015,7,10,0.99977727,1.00358571
2015,7,12,0.99931107,0.99977727
2015,7,13,0.99533711,0.99931107
2015,7,14,0.99510797,0.99533711
2015,7,15,0.99324331,0.99510797
2015,7,16,1.00202694,0.99324331
2015,7,17,0.9998433,1.00202694
2015,7,19,0.99989555,0.9998433
2015,7,20,0.99706305,0.99989555
2015,7,21,0.99990628,0.99706305
2015,7,22,1.00207664,0.99990628
2015,7,23,1.00916195,1.00207664
2015,7,24,1.00069553,1.00916195
2015,7,26,1.0015621,1.00069553
2015,7,27,0.99995778,1.0015621
2015,7,28,1.0035695,0.99995778
2015,7,29,0.99635907,1.0035695
2015,7,30,0.9916487,0.99635907
2015,7,31,0.99869355,0.9916487
2015,8,2,0.99854933,0.99869355
2015,8,3,0.98447534,0.99854933
2015,8,4,1.00440651,0.98447534
2015,8,5,1.00665898,1.00440651
2015,8,6,0.98817406,1.00665898
2015,8,7,1.00024643,0.98817406
2015,8,9,1.01086753,1.00024643
2015,8,10,1.00634042,1.01086753
2015,8,11,1.00020895,1.00634042
2015,8,12,0.99646036,1.00020895
2015,8,13,0.99469798,0.99646036
2015,8,14,1.00036257,0.99469798
2015,8,16,1.00153552,1.00036257
2015,8,17,1.00583355,1.00153552
2015,8,18,0.99378785,1.00583355
2015,8,19,1.00462596,0.99378785
2015,8,20,0.99654252,1.00462596
2015,8,21,1.00345902,0.99654252
2015,8,23,1.00981609,1.00345902
2015,8,24,1.00021046,1.00981609
2015,8,25,1.00385578,1.00021046
2015,8,26,1.00119513,1.00385578
2015,8,27,0.99918628,1.00119513
2015,8,28,1.00191644,0.99918628
2015,8,30,1.01091773,1.00191644
2015,8,31,1.00451584,1.01091773
2015,9,1,0.99620823,1.00451584
2015,9,2,1.00986501,0.99620823
2015,9,3,1.00824499,1.00986501
2015,9,4,0.99958574,1.00824499
2015,9,6,0.99595019,0.99958574
2015,9,7,0.9940746,0.99595019
2015,9,8,0.99654738,0.9940746
2015,9,9,0.99246363,0.99654738
2015,9,10,0.99670174,0.99246363
2015,9,11,1.00156646,0.99670174
2015,9,13,0.99148424,1.00156646
2015,9,14,1.00077187,0.99148424
2015,9,15,0.99799504,1.00077187
2015,9,16,1.00245417,0.99799504
2015,9,17,0.99442475,1.00245417
2015,9,18,1.00072636,0.99442475
2015,9,20,1.00548287,1.00072636
2015,9,21,1.00465769,1.00548287
2015,9,22,1.00850448,1.00465769
2015,9,23,0.99814811,1.00850448
2015,9,24,0.99779971,0.99814811
2015,9,25,1.0014226,0.99779971
2015,9,27,0.99879279,1.0014226
2015,9,28,0.99900744,0.99879279
2015,9,29,1.0035022,0.99900744
2015,9,30,1.00171655,1.0035022
2015,10,1,1.00513296,1.00171655
2015,10,2,0.99873992,1.00513296
2015,10,4,1.00229927,0.99873992
2015,10,5,0.99241532,1.00229927
2015,10,6,0.99224032,0.99241532
2015,10,7,0.9960086,0.99224032
2015,10,8,0.99496476,0.9960086
2015,10,9,1.00270399,0.99496476
2015,10,11,0.98982728,1.00270399
2015,10,12,1.01304864,0.98982728
2015,10,13,1.00032844,1.01304864
2015,10,14,1.00150674,1.00032844
2015,10,15,1.00556972,1.00150674
2015,10,16,0.9993389,1.00556972
2015,10,18,0.99506621,0.9993389
2015,10,19,1.00145573,0.99506621
2015,10,20,0.99404278,1.00145573
2015,10,21,1.00413639,0.99404278
2015,10,22,0.99276629,1.00413639
2015,10,23,0.99937915,0.99276629
2015,10,25,0.9971878,0.99937915
2015,10,26,0.99786394,0.9971878
2015,10,27,1.01922051,0.99786394
2015,10,28,1.00542942,1.01922051
2015,10,29,1.00062273,1.00542942
2015,10,30,0.99874538,1.00062273
2015,11,1,0.99687857,0.99874538
2015,11,2,0.99709017,0.99687857
2015,11,3,0.99950994,0.99709017
2015,11,4,0.99863821,0.99950994
2015,11,5,1.00403777,0.99863821
2015,11,6,1.00067342,1.00403777
2015,11,8,0.99965806,1.00067342
2015,11,9,1.00306541,0.99965806
2015,11,10,0.99666706,1.00306541
2015,11,11,0.98867801,0.99666706
2015,11,12,0.99776595,0.98867801
2015,11,13,1.00276859,0.99776595
2015,11,15,1.00063443,1.00276859
2015,11,16,0.99866947,1.00063443
2015,11,17,1.00144878,0.99866947
2015,11,18,0.98992923,1.00144878
2015,11,19,0.98983472,0.98992923
2015,11,20,1.00029022,0.98983472
2015,11,22,1.00418423,1.00029022
2015,11,23,0.99570936,1.00418423
2015,11,24,1.00167137,0.99570936
2015,11,25,1.00345848,1.00167137
2015,11,26,0.99892819,1.00345848
2015,11,27,1.00097912,0.99892819
2015,11,29,0.99443765,1.00097912
2015,11,30,0.98734902,0.99443765
2015,12,1,1.00300556,0.98734902
2015,12,2,0.99488708,1.00300556
2015,12,3,0.99991836,0.99488708
2015,12,4,0.99750611,0.99991836
2015,12,6,1.00173346,0.99750611
2015,12,7,1.00099007,1.00173346
2015,12,8,0.99848148,1.00099007
2015,12,9,0.98943229,0.99848148
2015,12,10,1.00389735,0.98943229
2015,12,11,1.00403504,1.00389735
2015,12,13,0.98964966,1.00403504
2015,12,14,1.00701957,0.98964966
2015,12,15,0.9914039,1.00701957
2015,12,16,1.00276925,0.9914039
2015,12,17,0.99216697,1.00276925
2015,12,18,1.00159111,0.99216697
2015,12,20,0.99589404,1.00159111
2015,12,21,0.99660323,0.99589404
2015,12,22,1.00558302,0.99660323
2015,12,23,0.99392477,1.00558302
2015,12,24,0.9998412,0.99392477
2015,12,27,1.00016876,0.9998412
2015,12,28,0.99770224,1.00016876
2015,12,29,0.99874376,0.99770224
2015,12,30,1.00267791,0.99874376
2015,12,31,0.99785238,1.00267791
2016,1,3,1.00733755,0.99785238
2016,1,4,1.00124774,1.00733755
2016,1,5,1.00674304,1.00124774
2016,1,6,1.00582206,1.00674304
2016,1,7,1.00270607,1.00582206
2016,1,8,1.00289687,1.00270607
2016,1,10,0.98983822,1.00289687
2016,1,11,0.99810205,0.98983822
2016,1,12,0.99857606,0.99810205
2016,1,13,0.99412832,0.99857606
2016,1,14,1.00658264,0.99412832
2016,1,15,0.99688897,1.00658264
2016,1,17,1.00048039,0.99688897
2016,1,18,0.99264845,1.00048039
2016,1,19,1.00507234,0.99264845
2016,1,20,1.00333607,1.00507234
2016,1,21,1.00709277,1.00333607
2016,1,22,1.00138415,1.00709277
2016,1,24,0.9960351,1.00138415
2016,1,25,1.00501638,0.9960351
2016,1,26,0.998576,1.00501638
2016,1,27,0.99662815,0.998576
2016,1,28,1.00231026,0.99662815
2016,1,29,1.00382804,1.00231026
2016,1,31,0.99541331,1.00382804
2016,2,1,1.00320581,0.99541331
2016,2,2,1.00122517,1.00320581
2016,2,3,0.99747505,1.00122517
2016,2,4,1.00837152,0.99747505
2016,2,5,0.99835286,1.00837152
2016,2,7,0.99677714,0.99835286
2016,2,8,1.00669292,0.99677714
2016,2,9,0.99218513,1.00669292
2016,2,10,0.99730447,0.99218513
2016,2,11,1.00643162,0.99730447
2016,2,12,0.9998984,1.00643162
2016,2,14,0.99729475,0.9998984
2016,2,15,1.0014205,0.99729475
2016,2,16,1.00368654,1.0014205
2016,2,17,0.99976583,1.00368654
2016,2,18,0.99795771,0.99976583
2016,2,19,0.99936029,0.99795771
2016,2,21,0.99431572,0.99936029
2016,2,22,0.99724121,0.99431572
2016,2,23,1.00742491,0.99724121
2016,2,24,1.007254,1.00742491
2016,2,25,1.01604883,1.007254
2016,2,26,0.99784543,1.01604883
2016,2,28,0.99867587,0.99784543
2016,2,29,1.00503207,0.99867587
2016,3,1,0.98299386,1.00503207
2016,3,2,0.99315882,0.98299386
2016,3,3,0.9952722,0.99315882
2016,3,4,1.00239995,0.9952722
2016,3,6,0.99577497,1.00239995
2016,3,7,0.99435498,0.99577497
2016,3,8,1.00800469,0.99435498
2016,3,9,0.99491191,1.00800469
2016,3,10,0.99536588,0.99491191
2016,3,11,1.00301172,0.99536588
2016,3,14,1.00051225,1.00301172
2016,3,15,1.00667341,1.00051225
2016,3,16,0.99671457,1.00667341
2016,3,17,1.0043829,0.99671457
2016,3,18,0.99535535,1.0043829
2016,3,21,0.99823995,0.99535535
2016,3,22,1.00010058,0.99823995
2016,3,23,0.99788216,1.00010058
2016,3,24,1.00109525,0.99788216
2016,3,25,1.00067368,1.00109525
2016,3,28,0.9975426,1.00067368
2016,3,29,1.00261467,0.9975426
2016,3,30,0.99888498,1.00261467
2016,3,31,0.99832526,0.99888498
2016,4,1,1.00228164,0.99832526
2016,4,4,1.00403673,1.00228164
2016,4,5,0.99658051,1.00403673
2016,4,6,1.00831559,0.99658051
2016,4,7,1.00593708,1.00831559
2016,4,8,1.00109272,1.00593708
2016,4,11,0.99899,1.00109272
2016,4,12,0.99964306,0.99899
2016,4,13,0.99245951,0.99964306
2016,4,14,1.00038476,0.99245951
2016,4,15,0.99719305,1.00038476
2016,4,18,1.00055564,0.99719305
2016,4,19,1.00400649,1.00055564
2016,4,20,1.0008121,1.00400649
2016,4,21,1.00904463,1.0008121
2016,4,22,0.99818005,1.00904463
2016,4,25,1.00185405,0.99818005
2016,4,26,1.02181285,1.00185405
2016,4,27,0.99848461,1.02181285
2016,4,28,1.00214705,0.99848461
2016,4,29,0.99406559,1.00214705
2016,5,2,1.00876963,0.99406559
2016,5,3,0.99266047,1.00876963
2016,5,4,1.0000417,0.99266047
2016,5,5,1.00878208,1.0000417
2016,5,6,1.0028478,1.00878208
2016,5,9,0.998,1.0028478
2016,5,10,1.00258562,0.998
2016,5,11,1.00712122,1.00258562
2016,5,12,1.00144759,1.00712122
2016,5,13,0.99985101,1.00144759
2016,5,16,0.9938442,0.99985101
2016,5,17,1.00376898,0.9938442
2016,5,18,0.99550811,1.00376898
2016,5,19,0.99931348,0.99550811
2016,5,20,0.99766074,0.99931348
2016,5,23,1.00681095,0.99766074
2016,5,24,1.0058155,1.00681095
2016,5,25,0.99941346,1.0058155
2016,5,26,1.00192328,0.99941346
2016,5,27,0.99887934,1.00192328
2016,5,30,0.9896488,0.99887934
2016,5,31,0.99797611,0.9896488
2016,6,1,1.00213384,0.99797611
2016,6,2,0.99359748,1.00213384
2016,6,3,1.00935461,0.99359748
2016,6,6,0.99407088,1.00935461
2016,6,7,1.00147656,0.99407088
2016,6,8,1.00333333,1.00147656
2016,6,9,1.00278019,1.00333333
2016,6,10,0.99407173,1.00278019
2016,6,13,1.00132031,0.99407173
2016,6,14,0.99001359,1.00132031
2016,6,15,1.00172838,0.99001359
2016,6,16,1.00156322,1.00172838
2016,6,17,0.99883681,1.00156322
2016,6,20,0.99964383,0.99883681
2016,6,21,0.99143178,0.99964383
2016,6,22,0.99136165,0.99143178
2016,6,23,1.00062845,0.99136165
2016,6,24,1.01360679,1.00062845
2016,6,27,0.99605783,1.01360679
2016,6,28,0.99848368,0.99605783
2016,6,29,0.99990654,0.99848368
2016,6,30,0.99547207,0.99990654
2016,7,1,0.99919431,0.99547207
2016,7,4,1.0002273,0.99919431
2016,7,5,0.99405349,1.0002273
2016,7,6,1.00156353,0.99405349
2016,7,7,0.98602349,1.00156353
2016,7,8,0.99855171,0.98602349
2016,7,11,0.99362987,0.99855171
2016,7,12,1.0065333,0.99362987
2016,7,13,1.00376188,1.0065333
2016,7,14,1.0030902,1.00376188
2016,7,15,0.998066,1.0030902
2016,7,18,1.00559906,0.998066
2016,7,19,1.00092208,1.00559906
2016,7,20,0.9952179,1.00092208
2016,7,21,1.00111264,0.9952179
2016,7,22,0.99271412,1.00111264
2016,7,25,0.9980178,0.99271412
2016,7,26,1.00116438,0.9980178
2016,7,27,1.00150076,1.00116438
2016,7,28,0.99502573,1.00150076
2016,7,29,1.00241729,0.99502573
2016,8,1,0.9915856,1.00241729
2016,8,2,1.00588134,0.9915856
2016,8,3,0.99868021,1.00588134
2016,8,4,0.98918709,0.99868021
2016,8,5,0.99749491,0.98918709
2016,8,8,0.9999006,0.99749491
2016,8,9,1.00121414,0.9999006
2016,8,10,1.00478981,1.00121414
2016,8,11,1.00886759,1.00478981
2016,8,12,0.99992939,1.00886759
2016,8,15,1.00196082,0.99992939
2016,8,16,1.00656201,1.00196082
2016,8,17,1.00078399,1.00656201
2016,8,18,1.00146831,1.00078399
2016,8,19,0.99342592,1.00146831
2016,8,22,1.00425216,0.99342592
2016,8,23,0.99901423,1.00425216
2016,8,24,0.99998984,0.99901423
2016,8,25,1.00076277,0.99998984
2016,8,26,0.99867961,1.00076277
2016,8,29,1.0013425,0.99867961
2016,8,30,0.99829428,1.0013425
2016,8,31,0.99567327,0.99829428
2016,9,1,1.00644032,0.99567327
2016,9,2,1.0029081,1.00644032
2016,9,5,0.99281742,1.0029081
2016,9,6,0.99882623,0.99281742
2016,9,7,0.99979767,0.99882623
2016,9,8,1.00505338,0.99979767
2016,9,9,0.9970398,1.00505338
2016,9,12,1.00325461,0.9970398
2016,9,13,0.99802065,1.00325461
2016,9,14,0.99651029,0.99802065
2016,9,15,0.9983842,0.99651029
2016,9,16,0.99569633,0.9983842
2016,9,19,0.99832358,0.99569633
2016,9,20,0.99774644,0.99832358
2016,9,21,1.00175585,0.99774644
2016,9,22,0.99327301,1.00175585
2016,9,23,0.99378033,0.99327301
2016,9,26,0.99815139,0.99378033
2016,9,27,1.00563674,0.99815139
2016,9,28,1.0024216,1.00563674
2016,9,29,0.99905418,1.0024216
2016,9,30,0.99819129,0.99905418
2016,10,3,1.00131354,0.99819129
2016,10,4,1.00094624,1.00131354
2016,10,5,1.00169615,1.00094624
2016,10,6,0.99389149,1.00169615
2016,10,7,1.00643725,0.99389149
2016,10,10,1.00215037,1.00643725
2016,10,11,0.99618397,1.00215037
2016,10,12,1.00524829,0.99618397
2016,10,13,0.99779139,1.00524829
2016,10,14,0.99930093,0.99779139
2016,10,17,0.99671521,0.99930093
2016,10,18,0.99234477,0.99671521
2016,10,19,1.00380748,0.99234477
2016,10,20,0.99472329,1.00380748
2016,10,21,1.00299745,0.99472329
2016,10,24,0.990476,1.00299745
2016,10,25,0.99731269,0.990476
2016,10,26,1.00738313,0.99731269
2016,10,27,0.99870226,1.00738313
2016,10,28,0.99717655,0.99870226
2016,10,31,0.99575353,0.99717655
2016,11,1,0.99862545,0.99575353
2016,11,2,0.9968514,0.99862545
2016,11,3,1.00077804,0.9968514
2016,11,4,0.99593193,1.00077804
2016,11,7,1.00124133,0.99593193
2016,11,8,1.00632399,1.00124133
2016,11,9,0.99950253,1.00632399
2016,11,10,1.00381874,0.99950253
2016,11,11,0.99766526,1.00381874
2016,11,14,1.00720224,0.99766526
2016,11,15,1.01090124,1.00720224
2016,11,16,1.00426522,1.01090124
2016,11,17,1.00984506,1.00426522
2016,11,18,1.00292371,1.00984506
2016,11,21,0.99371682,1.00292371
2016,11,22,0.99894554,0.99371682
2016,11,23,0.99689649,0.99894554
2016,11,24,0.99454373,0.99689649
2016,11,25,1.00102659,0.99454373
2016,11,28,0.99830849,1.00102659
2016,11,29,1.01315564,0.99830849
2016,11,30,1.00470972,1.01315564
2016,12,1,0.9964374,1.00470972
2016,12,2,0.99947547,0.9964374
2016,12,5,1.00090866,0.99947547
2016,12,6,1.00065669,1.00090866
2016,12,7,1.00568978,1.00065669
2016,12,8,1.00244444,1.00568978
2016,12,9,0.9980787,1.00244444
2016,12,12,0.9994412,0.9980787
2016,12,13,1.00117994,0.9994412
2016,12,14,1.00215089,1.00117994
2016,12,15,1.00770424,1.00215089
2016,12,16,1.00255404,1.00770424
2016,12,19,1.00082456,1.00255404
2016,12,20,1,1.00082456
2016,12,21,0.99793257,1
2016,12,22,1.00124613,0.99793257
2016,12,23,0.99676644,1.00124613
2016,12,27,1.0019336,0.99676644
2016,12,28,0.99888018,1.0019336
2016,12,29,1.00469643,0.99888018
2016,12,30,1,1.00469643
2017,1,3,1.00059903,1
2017,1,4,0.99863856,1.00059903
2017,1,5,1.0039867,0.99863856
2017,1,6,0.99391738,1.0039867
2017,1,9,0.99676847,0.99391738
2017,1,10,0.99423716,0.99676847
2017,1,11,0.99694942,0.99423716
2017,1,12,0.99902477,0.99694942
2017,1,13,0.99950247,0.99902477
2017,1,16,0.99807453,0.99950247
2017,1,17,0.99101153,0.99807453
2017,1,18,0.98917168,0.99101153
2017,1,19,0.99976164,0.98917168
2017,1,20,1.0032783,0.99976164
2017,1,23,1.00641816,1.0032783
2017,1,24,1.00818951,1.00641816
2017,1,25,1.00314411,1.00818951
2017,1,26,0.99379114,1.00314411
2017,1,27,1.00147375,0.99379114
2017,1,30,1.00252993,1.00147375
2017,1,31,0.99858524,1.00252993
2017,2,1,0.99237843,0.99858524
2017,2,2,0.99703042,0.99237843
2017,2,3,0.99847255,0.99703042
2017,2,6,0.996518,0.99847255
2017,2,7,1.00048772,0.996518
2017,2,8,1.00265464,1.00048772
2017,2,9,0.99772976,1.00265464
2017,2,10,1.00593968,0.99772976
2017,2,13,0.99675526,1.00593968
2017,2,14,0.99345381,0.99675526
2017,2,15,1.00298442,0.99345381
2017,2,16,1.00124506,1.00298442
2017,2,17,0.99667434,1.00124506
2017,2,20,0.99910734,0.99667434
2017,2,21,0.9946235,0.99910734
2017,2,22,1.00272029,0.9946235
2017,2,23,1.00633113,1.00272029
2017,2,24,0.99375785,1.00633113
2017,2,27,0.99287903,0.99375785
2017,2,28,0.99559954,0.99287903
2017,3,1,1.0088293,0.99559954
2017,3,2,0.99781472,1.0088293
2017,3,3,0.99962608,0.99781472
2017,3,6,0.99886969,0.99962608
2017,3,7,1.00211766,0.99886969
2017,3,8,1.00157842,1.00211766
2017,3,9,0.99776562,1.00157842
2017,3,10,0.99834909,0.99776562
2017,3,13,0.99892021,0.99834909
2017,3,14,0.99346609,0.99892021
2017,3,15,1.00298326,0.99346609
2017,3,16,0.99473623,1.00298326
2017,3,17,0.99608459,0.99473623
2017,3,20,1.00506517,0.99608459
2017,3,21,1.00346995,1.00506517
2017,3,22,1.00496061,1.00346995
2017,3,23,0.99823498,1.00496061
2017,3,24,1.00098153,0.99823498
2017,3,27,0.99750335,1.00098153
2017,3,28,1.00006854,0.99750335
2017,3,29,1.00233581,1.00006854
2017,3,30,1.00245961,1.00233581
2017,3,31,0.99926266,1.00245961
2017,4,3,1.0035023,0.99926266
2017,4,4,0.99704904,1.0035023
2017,4,5,1.00479358,0.99704904
2017,4,6,1.00587557,1.00479358
2017,4,7,1.00641353,1.00587557
2017,4,10,1.00037034,1.00641353
2017,4,11,1.00309237,1.00037034
2017,4,12,0.98765432,1.00309237
2017,4,13,0.99867299,0.98765432
2017,4,14,0.99944574,0.99867299
2017,4,17,0.99932742,0.99944574
2017,4,18,1.0005641,0.99932742
2017,4,19,0.99725633,1.0005641
2017,4,20,0.99503093,0.99725633
2017,4,21,0.99661369,0.99503093
2017,4,24,0.99951089,0.99661369
2017,4,25,1.00498432,0.99951089
2017,4,26,1.00007865,1.00498432
2017,4,27,0.99472861,1.00007865
2017,4,28,0.9935287,0.99472861
2017,5,1,0.99651419,0.9935287
2017,5,2,1.01395121,0.99651419
2017,5,3,1.0004027,1.01395121
2017,5,4,1.00580878,1.0004027
2017,5,5,1.00135524,1.00580878
2017,5,8,1.00347432,1.00135524
2017,5,9,1.00175015,1.00347432
2017,5,10,0.99524955,1.00175015
2017,5,11,0.998133,0.99524955
2017,5,12,1.00189032,0.998133
2017,5,15,1.00014848,1.00189032
2017,5,16,0.99970313,1.00014848
2017,5,17,1.0016255,0.99970313
2017,5,18,1.00178727,1.0016255
2017,5,19,0.99774123,1.00178727
2017,5,22,0.99892132,0.99774123
2017,5,23,1.00484278,0.99892132
2017,5,24,1.00057709,1.00484278
2017,5,25,1.00393567,1.00057709
2017,5,26,1.00073973,1.00393567
2017,5,29,0.99580915,1.00073973
2017,5,30,1.00162522,0.99580915
2017,5,31,1.00665456,1.00162522
2017,6,1,0.99273615,1.00665456
2017,6,2,0.99515117,0.99273615
2017,6,5,0.99869282,0.99515117
2017,6,6,0.99067997,0.99869282
2017,6,7,1.0002944,0.99067997
2017,6,8,1.00535725,1.0002944
2017,6,9,1.00877822,1.00535725
2017,6,12,1.00670294,1.00877822
2017,6,13,0.99350979,1.00670294
2017,6,14,0.99918441,0.99350979
2017,6,15,0.9991255,0.99918441
2017,6,16,1.00229086,0.9991255
2017,6,19,0.99849826,1.00229086
2017,6,20,0.99908587,0.99849826
2017,6,21,1.00853793,0.99908587
2017,6,22,0.99344935,1.00853793
2017,6,23,1.00031867,0.99344935
2017,6,26,1.00360802,1.00031867
2017,6,27,1.00501225,1.00360802
2017,6,28,0.99694575,1.00501225
2017,6,29,1.00229846,0.99694575
2017,6,30,1.00021082,1.00229846
2017,7,3,1.01323365,1.00021082
2017,7,4,0.99807107,1.01323365
2017,7,5,1.00080267,0.99807107
2017,7,6,1.00540391,1.00080267
2017,7,7,0.99839876,1.00540391
2017,7,10,0.99437143,0.99839876
2017,7,11,1.00756151,0.99437143
2017,7,12,0.99527098,1.00756151
2017,7,13,0.99354337,0.99527098
2017,7,14,0.99984846,0.99354337
2017,7,17,0.99027562,0.99984846
2017,7,18,0.99736577,0.99027562
2017,7,19,1.00034936,0.99736577
2017,7,20,1.00998044,1.00034936
2017,7,21,1.00076676,1.00998044
2017,7,24,0.99862978,1.00076676
2017,7,25,0.99643607,0.99862978
2017,7,26,0.9962494,0.99643607
2017,7,27,1.00709106,0.9962494
2017,7,28,0.99440099,1.00709106
2017,7,31,0.99939939,0.99440099
2017,8,1,0.99767307,0.99939939
2017,8,2,1.00128996,0.99767307
2017,8,3,0.99704882,1.00128996
2017,8,4,0.99975081,0.99704882
2017,8,7,1.0008979,0.99975081
2017,8,8,1.00109864,1.0008979
2017,8,9,0.99780754,1.00109864
2017,8,10,1.0025277,0.99780754
2017,8,11,1.00222291,1.0025277
2017,8,14,1.00136364,1.00222291
2017,8,15,0.99743972,1.00136364
2017,8,16,1.00005001,0.99743972
2017,8,17,1.00284855,1.00005001
2017,8,18,1.00007022,1.00284855
2017,8,21,1.00326057,1.00007022
2017,8,22,1.00187532,1.00326057
2017,8,23,1.00280064,1.00187532
2017,8,24,0.99927257,1.00280064
2017,8,25,0.99394463,0.99927257
2017,8,28,1.00109579,0.99394463
2017,8,29,0.99741302,1.00109579
2017,8,30,1.00568743,0.99741302
2017,8,31,1.00470102,1.00568743
2017,9,1,1.00103448,1.00470102
2017,9,4,0.99677514,1.00103448
2017,9,5,1.01148309,0.99677514
2017,9,6,1.00330345,1.01148309
2017,9,7,0.99655458,1.00330345
2017,9,8,1.00638955,0.99655458
2017,9,11,0.99472903,1.00638955
2017,9,12,1.00499902,0.99472903
2017,9,13,0.99880824,1.00499902
2017,9,14,0.99767327,0.99880824
2017,9,15,0.99743388,0.99767327
2017,9,18,0.99361045,0.99743388
2017,9,19,0.99482588,0.99361045
2017,9,20,1.01215146,0.99482588
2017,9,21,0.99592527,1.01215146
2017,9,22,1.00021397,0.99592527
2017,9,25,1.00838393,1.00021397
2017,9,26,0.99402537,1.00838393
2017,9,27,1.00309388,0.99402537
2017,9,28,0.99825123,1.00309388
2017,9,29,0.9990192,0.99825123
2017,10,2,1.00060315,0.9990192
2017,10,3,0.99729826,1.00060315
2017,10,4,1.00164413,0.99729826
2017,10,5,1.00521475,1.00164413
2017,10,6,1.00120248,1.00521475
2017,10,9,0.99972258,1.00120248
2017,10,10,1.00319535,0.99972258
2017,10,11,0.99462784,1.00319535
2017,10,12,0.99152215,0.99462784
2017,10,13,1.00110925,0.99152215
2017,10,16,1.00053965,1.00110925
2017,10,17,1.00423322,1.00053965
2017,10,18,0.99441772,1.00423322
2017,10,19,0.99696896,0.99441772
2017,10,20,0.99931114,0.99696896
2017,10,23,1.00183695,0.99931114
2017,10,24,0.99968548,1.00183695
2017,10,25,1.00163613,0.99968548
2017,10,26,1.00023379,1.00163613
2017,10,27,0.99727316,1.00023379
2017,10,30,0.9998581,0.99727316
2017,10,31,0.99923029,0.9998581
2017,11,1,0.99960518,0.99923029
2017,11,2,1.01204893,0.99960518
2017,11,3,0.99919124,1.01204893
2017,11,6,1.00047114,0.99919124
2017,11,7,0.99949838,1.00047114
2017,11,8,1.00345153,0.99949838
2017,11,9,1.00241986,1.00345153
2017,11,10,1.00090698,1.00241986
2017,11,13,0.99913499,1.00090698
2017,11,14,1.00276742,0.99913499
2017,11,15,1.00064063,1.00276742
2017,11,16,1.00175967,1.00064063
2017,11,17,0.99837753,1.00175967
2017,11,20,0.9995868,0.99837753
2017,11,21,1.00167626,0.9995868
2017,11,22,0.99752281,1.00167626
2017,11,23,1.00103323,0.99752281
2017,11,24,0.99718722,1.00103323
2017,11,27,0.99754358,0.99718722
2017,11,28,0.99953771,0.99754358
2017,11,29,0.99820542,0.99953771
2017,11,30,1.00999472,0.99820542
2017,12,1,1.00311685,1.00999472
2017,12,4,0.99746103,1.00311685
2017,12,5,0.99799359,0.99746103
2017,12,6,1.00180281,0.99799359
2017,12,7,1.00034203,1.00180281
2017,12,8,0.99741557,1.00034203
2017,12,11,0.99543102,0.99741557
2017,12,12,0.99312213,0.99543102
2017,12,13,0.99795005,0.99312213
2017,12,14,0.9969497,0.99795005
2017,12,15,0.99837582,0.9969497
2017,12,18,0.99863147,0.99837582
2017,12,19,1.00299946,0.99863147
2017,12,20,1.0027426,1.00299946
2017,12,21,0.99895096,1.0027426
2017,12,22,1.00071345,0.99895096
2017,12,25,1.00132673,1.00071345
2017,12,26,0.99708968,1.00132673
2017,12,27,1.00402546,0.99708968
2017,12,28,0.99705601,1.00402546
2017,12,29,1.00326019,0.99705601
2018,1,1,0.99912185,1.00326019
2018,1,2,0.99747405,0.99912185
2018,1,3,1.00035661,0.99747405
2018,1,4,1.0058416,1.00035661
2018,1,5,1.00225975,1.0058416
2018,1,8,0.99861526,1.00225975
2018,1,9,0.99115503,0.99861526
2018,1,10,0.9958994,0.99115503
2018,1,11,1.0016023,0.9958994
2018,1,12,0.99648329,1.0016023
2018,1,15,1.00033359,0.99648329
2018,1,16,0.99847589,1.00033359
2018,1,17,0.99759347,0.99847589
2018,1,18,0.99426346,0.99759347
2018,1,19,1.00166466,0.99426346
2018,1,22,1.00420938,1.00166466
2018,1,23,0.99797996,1.00420938
2018,1,24,1.00215532,0.99797996
2018,1,25,0.99339663,1.00215532
2018,1,26,1.00107169,0.99339663
2018,1,29,1.00167545,1.00107169
2018,1,30,1.00523418,1.00167545
2018,1,31,1.00594501,1.00523418
2018,2,1,1.00140198,1.00594501
2018,2,2,0.99696147,1.00140198
2018,2,5,1.00001013,0.99696147
2018,2,6,1.00473205,1.00001013
2018,2,7,1.00244833,1.00473205
2018,2,8,0.99726334,1.00244833
2018,2,9,0.99458666,0.99726334
2018,2,12,0.99887812,0.99458666
2018,2,13,0.99965648,0.99887812
2018,2,14,0.99868826,0.99965648
2018,2,15,0.99791566,0.99868826
2018,2,16,0.99951691,0.99791566
2018,2,19,0.99701978,0.99951691
2018,2,20,1.00566118,0.99701978
2018,2,21,0.99433078,1.00566118
2018,2,22,1.00577259,0.99433078
2018,2,23,0.99545916,1.00577259
2018,2,26,1.00058301,0.99545916
2018,2,27,0.99944745,1.00058301
2018,2,28,1.00016077,0.99944745
2018,3,1,0.99533944,1.00016077
2018,3,2,0.99364982,0.99533944
2018,3,5,0.99863048,0.99364982
2018,3,6,0.997456,0.99863048
2018,3,7,1.00619522,0.997456
2018,3,8,0.99892546,1.00619522
2018,3,9,0.99433128,0.99892546
2018,3,12,0.99204059,0.99433128
2018,3,13,0.99857895,0.99204059
2018,3,14,1.00259401,0.99857895
2018,3,15,1.00757366,1.00259401
2018,3,16,1.00090173,1.00757366
2018,3,19,1.00499925,1.00090173
2018,3,20,1.00235578,1.00499925
2018,3,21,1.00672294,1.00235578
2018,3,22,1.00255904,1.00672294
2018,3,23,0.99779844,1.00255904
2018,3,26,1.00563093,0.99779844
2018,3,27,0.999414,1.00563093
2018,3,28,1.00075833,0.999414
2018,3,29,0.99877805,1.00075833
2018,3,30,1.00116271,0.99877805
2018,4,2,1.00524438,1.00116271
2018,4,3,0.99891368,1.00524438
2018,4,4,1.00578979,0.99891368
2018,4,5,0.99887802,1.00578979
2018,4,6,1.00332597,0.99887802
2018,4,9,0.99938635,1.00332597
2018,4,10,1.00236814,0.99938635
2018,4,11,0.99978476,1.00236814
2018,4,12,0.99667998,0.99978476
2018,4,13,1.00163715,0.99667998
2018,4,16,1.00257489,1.00163715
2018,4,17,0.99199121,1.00257489
2018,4,18,1.00358471,0.99199121
2018,4,19,1.00076655,1.00358471
2018,4,20,1.00153545,1.00076655
2018,4,23,1.00128118,1.00153545
2018,4,24,1.00442678,1.00128118
2018,4,25,0.99933128,1.00442678
2018,4,26,0.999229,0.99933128
2018,4,27,1.0062063,0.999229
2018,4,30,1.00483313,1.0062063
2018,5,1,0.99693286,1.00483313
2018,5,2,0.99758117,0.99693286
2018,5,3,0.99899833,0.99758117
2018,5,4,1.00084749,0.99899833
2018,5,7,1.00279833,1.00084749
2018,5,8,1.00668788,1.00279833
2018,5,9,0.99697304,1.00668788
2018,5,10,0.99595964,0.99697304
2018,5,11,1.00119281,0.99595964
2018,5,14,1.00233922,1.00119281
2018,5,15,1.00083241,1.00233922
2018,5,16,0.99948001,1.00083241
2018,5,17,0.99376802,0.99948001
2018,5,18,0.99839034,0.99376802
2018,5,21,0.99824896,0.99839034
2018,5,22,1.00113431,0.99824896
2018,5,23,0.99400369,1.00113431
2018,5,24,0.99596754,0.99400369
2018,5,25,0.99933687,0.99596754
2018,5,28,1.00384044,0.99933687
2018,5,29,1.00179542,1.00384044
2018,5,30,0.99413535,1.00179542
2018,5,31,0.99931711,0.99413535
2018,6,1,0.992735,0.99931711
2018,6,4,1.00081013,0.992735
2018,6,5,0.99508253,1.00081013
2018,6,6,1.00397592,0.99508253
2018,6,7,1.00692711,1.00397592
2018,6,8,0.99437804,1.00692711
2018,6,11,1.0020809,0.99437804
2018,6,12,1.00137223,1.0020809
2018,6,13,1.00449255,1.00137223
2018,6,14,0.99710865,1.00449255
2018,6,15,1.00254146,0.99710865
2018,6,18,0.9995919,1.00254146
2018,6,19,0.9999796,0.9995919
2018,6,20,0.99850251,0.9999796
2018,6,21,0.99403562,0.99850251
2018,6,22,1.00190737,0.99403562
2018,6,25,1.00249186,1.00190737
2018,6,26,1.00444399,1.00249186
2018,6,27,1.00544399,1.00444399
2018,6,28,1.00113116,1.00544399
2018,6,29,1.0051994,1.00113116
2018,7,2,0.99708323,1.0051994
2018,7,3,1.00024742,0.99708323
2018,7,4,1.00021654,1.00024742
2018,7,5,0.99696736,1.00021654
2018,7,6,0.99422527,0.99696736
2018,7,9,1.00084904,0.99422527
2018,7,10,1.00500668,1.00084904
2018,7,11,0.99840903,1.00500668
2018,7,12,0.99776738,0.99840903
2018,7,13,1.00218618,0.99776738
2018,7,16,0.99989737,1.00218618
2018,7,17,1.00035932,0.99989737
2018,7,18,0.99793048,1.00035932
2018,7,19,1.00168304,0.99793048
2018,7,20,1.00265473,1.00168304
2018,7,23,0.99624812,1.00265473
2018,7,24,1.00324986,0.99624812
2018,7,25,1.0085572,1.00324986
2018,7,26,0.99685671,1.0085572
2018,7,27,1.00206186,0.99685671
2018,7,30,0.99987568,1.00206186
2018,7,31,1.00281541,0.99987568
2018,8,1,1.00473894,1.00281541
2018,8,2,0.99681608,1.00473894
2018,8,3,1.00074972,0.99681608
2018,8,6,0.99160549,1.00074972
2018,8,7,1.00147871,0.99160549
2018,8,8,1.00525988,1.00147871
2018,8,9,1.00400768,1.00525988
2018,8,10,1.00396069,1.00400768
2018,8,13,1.00993661,1.00396069
2018,8,14,0.99356541,1.00993661
2018,8,15,0.99613532,0.99356541
2018,8,16,0.99936153,0.99613532
2018,8,17,0.99856811,0.99936153
2018,8,20,0.99647975,0.99856811
2018,8,21,1.00603521,0.99647975
2018,8,22,1.00748435,1.00603521
2018,8,23,0.99261285,1.00748435
2018,8,24,1.00178448,0.99261285
2018,8,27,1.00447059,1.00178448
2018,8,28,1.00547039,1.00447059
2018,8,29,1.00074266,1.00547039
2018,8,30,1.00447589,1.00074266
2018,8,31,0.99375172,1.00447589
2018,9,3,0.99787587,0.99375172
2018,9,4,0.99848055,0.99787587
2018,9,5,1.00213601,0.99848055
2018,9,6,1.01088177,1.00213601
2018,9,7,0.99941243,1.01088177
2018,9,10,1.00715508,0.99941243
2018,9,11,0.99779915,1.00715508
2018,9,12,0.99678959,0.99779915
2018,9,13,1.00245663,0.99678959
2018,9,14,0.99609968,1.00245663
2018,9,17,0.99915653,0.99609968
2018,9,18,0.99893346,0.99915653
2018,9,19,0.99665164,0.99893346
2018,9,20,0.99935201,0.99665164
2018,9,21,1.00196909,0.99935201
2018,9,24,1.00054313,1.00196909
2018,9,25,0.99407163,1.00054313
2018,9,26,1.00510742,0.99407163
2018,9,27,1.00841229,1.00510742
2018,9,28,1.00741533,1.00841229
2018,10,1,1.0037977,1.00741533
2018,10,2,1.00881168,1.0037977
2018,10,3,0.99885197,1.00881168
2018,10,4,1.00202682,0.99885197
2018,10,5,0.99526769,1.00202682
2018,10,8,0.99737904,0.99526769
2018,10,9,0.99847976,0.99737904
2018,10,10,0.9922423,0.99847976
2018,10,11,1.00170529,0.9922423
2018,10,12,1.0003995,1.00170529
2018,10,15,1.00278262,1.0003995
2018,10,16,0.99783922,1.00278262
2018,10,17,0.99656539,0.99783922
2018,10,18,0.99557299,0.99656539
2018,10,19,1.00577866,0.99557299
2018,10,22,1.00063649,1.00577866
2018,10,23,1.00569593,1.00063649
2018,10,24,0.99621708,1.00569593
2018,10,25,0.99660692,0.99621708
2018,10,26,1.0018886,0.99660692
2018,10,29,0.99486789,1.0018886
2018,10,30,1.00118243,0.99486789
2018,10,31,0.98674148,1.00118243
2018,11,1,0.99981972,0.98674148
2018,11,2,0.99773569,0.99981972
2018,11,5,0.99407823,0.99773569
2018,11,6,0.99679175,0.99407823
2018,11,7,0.99947605,0.99679175
2018,11,8,1.00042982,0.99947605
2018,11,9,1.00383061,1.00042982
2018,11,12,0.99480737,1.00383061
2018,11,13,0.99781675,0.99480737
2018,11,14,0.99838346,0.99781675
2018,11,15,0.99448224,0.99838346
2018,11,16,1.00384187,0.99448224
2018,11,19,1.00070849,1.00384187
2018,11,20,0.99890721,1.00070849
2018,11,21,1.00481051,0.99890721
2018,11,22,0.9994565,1.00481051
2018,11,23,0.99995819,0.9994565
2018,11,26,0.99626194,0.99995819
2018,11,27,0.99035824,0.99626194
2018,11,28,0.99783915,0.99035824
2018,11,29,0.99987654,0.99783915
2018,11,30,1.0011227,0.99987654
2018,12,3,0.99739062,1.0011227
2018,12,4,1.00247165,0.99739062
2018,12,5,1.00302661,1.00247165
2018,12,6,1.00945767,1.00302661
2018,12,7,0.99576364,1.00945767
2018,12,10,0.99857952,0.99576364
2018,12,11,1.00095481,0.99857952
2018,12,12,0.99865263,1.00095481
2018,12,13,1.00430936,0.99865263
2018,12,14,0.99815061,1.00430936
2018,12,17,0.99574794,0.99815061
2018,12,18,1.00855602,0.99574794
2018,12,19,0.99833332,1.00855602
2018,12,20,1.00348086,0.99833332
2018,12,21,0.99913315,1.00348086
2018,12,24,0.99864412,0.99913315
2018,12,26,1.00190184,0.99864412
2018,12,27,0.9967503,1.00190184
2018,12,28,0.99919863,0.9967503
2018,12,31,1.0131486,0.99919863
2019,1,2,1.00388475,1.0131486
2019,1,3,0.99234252,1.00388475
2019,1,4,1.00189432,0.99234252
2019,1,7,1.00276491,1.00189432
2019,1,8,1.00047511,1.00276491
2019,1,9,0.99579452,1.00047511
2019,1,10,0.99420914,0.99579452
2019,1,11,1.00095211,0.99420914
2019,1,14,1.00089013,1.00095211
2019,1,15,1.00536944,1.00089013
2019,1,16,0.99481551,1.00536944
2019,1,17,1.00457692,0.99481551
2019,1,18,0.99910646,1.00457692
2019,1,21,1.00031547,0.99910646
2019,1,22,0.99848805,1.00031547
2019,1,23,1.0062228,0.99848805
2019,1,24,0.99704002,1.0062228
2019,1,25,0.99921059,0.99704002
2019,1,28,1.00079003,0.99921059
2019,1,29,0.99659868,1.00079003
2019,1,30,0.99811394,0.99659868
2019,1,31,1.00553144,0.99811394
2019,2,1,1.00191067,1.00553144
2019,2,4,0.99777759,1.00191067
2019,2,5,1.01161403,0.99777759
2019,2,6,0.99348979,1.01161403
2019,2,7,1.00440177,0.99348979
2019,2,8,1.00134147,1.00440177
2019,2,11,1.00037277,1.00134147
2019,2,12,0.99952096,1.00037277
2019,2,13,0.99470547,0.99952096
2019,2,14,0.99865699,0.99470547
2019,2,15,1.00208759,0.99865699
2019,2,18,0.99725237,1.00208759
2019,2,19,1.00264895,0.99725237
2019,2,20,1.00639816,1.00264895
2019,2,21,1.00085382,1.00639816
2019,2,22,0.99142921,1.00085382
2019,2,25,0.9991014,0.99142921
2019,2,26,1.00734809,0.9991014
2019,2,27,1.0053532,1.00734809
2019,2,28,0.99182347,1.0053532
2019,3,1,0.99830386,0.99182347
2019,3,4,0.997726,0.99830386
2019,3,5,1.00052912,0.997726
2019,3,6,1.00132455,1.00052912
2019,3,7,0.99846588,1.00132455
2019,3,8,0.99846823,0.99846588
2019,3,11,1.00121633,0.99846823
2019,3,12,1.00233231,1.00121633
2019,3,13,1.00164592,1.00233231
2019,3,14,0.99634986,1.00164592
2019,3,15,0.9980465,0.99634986
2019,3,18,1.00333732,0.9980465
2019,3,19,0.9971476,1.00333732
2019,3,20,0.99654682,0.9971476
2019,3,21,0.99920051,0.99654682
2019,3,22,0.99736654,0.99920051
2019,3,25,0.99869024,0.99736654
2019,3,26,1.00510784,0.99869024
2019,3,27,0.99921075,1.00510784
2019,3,28,1.00284939,0.99921075
2019,3,29,1.00137382,1.00284939
2019,4,1,1.00365924,1.00137382
2019,4,2,0.9936973,1.00365924
2019,4,3,0.99882095,0.9936973
2019,4,4,0.99892738,0.99882095
2019,4,5,1.00233999,0.99892738
2019,4,8,0.99931534,1.00233999
2019,4,9,0.99429212,0.99931534
2019,4,10,1.00162598,0.99429212
2019,4,11,0.9974678,1.00162598
2019,4,12,0.99683954,0.9974678
2019,4,15,1.00114868,0.99683954
2019,4,16,1.00010444,1.00114868
2019,4,17,1.001569,1.00010444
2019,4,18,0.99893421,1.001569
2019,4,19,1.00543141,0.99893421
2019,4,22,0.99868852,1.00543141
2019,4,23,1.00739864,0.99868852
2019,4,24,1.00026431,1.00739864
2019,4,25,0.99792159,1.00026431
2019,4,26,0.9983884,0.99792159
2019,4,29,1.00625351,0.9983884
2019,4,30,1.00074249,1.00625351
2019,5,1,0.99973489,1.00074249
2019,5,2,1.00024396,0.99973489
2019,5,3,1.00321355,1.00024396
2019,5,6,0.99491832,1.00321355
2019,5,7,1.00307964,0.99491832
2019,5,8,0.99994691,1.00307964
2019,5,9,1.00280058,0.99994691
2019,5,10,1.00376241,1.00280058
2019,5,13,1.00096291,1.00376241
2019,5,14,1.00413614,1.00096291
2019,5,15,1.00361198,1.00413614
2019,5,16,1.00311489,1.00361198
2019,5,17,0.99694852,1.00311489
2019,5,20,1.00520258,0.99694852
2019,5,21,0.99821481,1.00520258
2019,5,22,0.99440541,0.99821481
2019,5,23,0.99842095,0.99440541
2019,5,24,1.00120453,0.99842095
2019,5,27,0.99563122,1.00120453
2019,5,28,0.998909,0.99563122
2019,5,29,1.00214381,0.998909
2019,5,30,0.99517836,1.00214381
2019,5,31,0.999968,0.99517836
2019,6,3,1.00133516,0.999968
2019,6,4,1.00155118,1.00133516
2019,6,5,1.00295058,1.00155118
2019,6,6,1.00235527,1.00295058
2019,6,7,1,1.00235527
